name,author,artwork,game_code,license,like_count,description,top_5_comments,game_url
"""The Zone""",squishyam,https://www.lexaloffle.com/bbs/preview/pico8_weyubomopo-0.png,weyubomopo-0,CC4-BY-NC-SA (https://creativecommons.org/licenses/by-nc-sa/4.0/),1,PICO-1K Jam 2026,,https://www.lexaloffle.com/bbs/?tid=159194
Code Golf Snake,bbb,https://www.lexaloffle.com/bbs/preview/pico8_codegolfsnake-0.png,codegolfsnake-0,CC4-BY-NC-SA (https://creativecommons.org/licenses/by-nc-sa/4.0/),1,"I wanted to make the game snake in as few tokens as possible, and got it down to 192! Some strategies I used: No cls(), instead the tiles around the snake are cleared. Condensed equations (x=2,y=3 became x,y=2,3) Some jank (spr(,x,y) == spr(0,x,y)) If you can optimize it more please let me know, this really was as condensed as I could get it. Some areas I feel probably could be done in less tokens are the controls code and some of the nested if statements. Lmk what you think!",dredds: flr(i/16) (five tokens) can be i\16 (3 tokens),https://www.lexaloffle.com/bbs/?tid=159193
FlappyBird,NinjaLetter2160,https://www.lexaloffle.com/bbs/preview/pico8_jefoyezuhe-0.png,jefoyezuhe-0,CC4-BY-NC-SA (https://creativecommons.org/licenses/by-nc-sa/4.0/),0,"Flappy Bird (PICO-8) A tiny retro remake of the classic one-button flyer, built entirely from 8x8 tiles. This is my first game, so go easy on me! Tap the X or O button to make the bird flap — let go and gravity takes over fast, so timing is everything. Weave through the gaps in the pipes without clipping the top, bottom, or floor to rack up your score. Miss one, and it's game over — press the button again to jump right back in. How to play: X or O button — flap / start / retry Each pipe you clear adds 1 to your score Touching a pipe, the ceiling, or the floor ends the run",,https://www.lexaloffle.com/bbs/?tid=159182
pico pong,chimuenico,https://www.lexaloffle.com/bbs/preview/pico8_fkesazuja-0.png,fkesazuja-0,CC4-BY-NC-SA (https://creativecommons.org/licenses/by-nc-sa/4.0/),0,,,https://www.lexaloffle.com/bbs/?tid=159181
Bouncing ball,Alkhan,https://www.lexaloffle.com/bbs/preview/pico8_bouncingballalkhan-1.png,bouncingballalkhan-1,CC4-BY-NC-SA (https://creativecommons.org/licenses/by-nc-sa/4.0/),2,A recreation of Bouncing Ball (1953) — one of the earliest known real-time graphical computer games.,,https://www.lexaloffle.com/bbs/?tid=159173
Retro Rewind Volume 1,mabbees,https://www.lexaloffle.com/bbs/preview/pico8_retro_rewind_vol1-4.png,retro_rewind_vol1-4,No License,3,"What's this? A mixtape from your friends?? Amazing! .✧˖°.Track List.✧˖°. Here Beside You Before You Go Isekai Strawberry Crepes Forever .✧˖°.About.✧˖°. Retro Rewind is part of the Tomodachi 8-in-1 collection, along with Revolutionary Girls and Spooky Stylin' . You can get the full bundle on itch https://illuminesce.itch.io/tomodachi-8in1 , which even contains some chapters not yet released on the BBS! (or you can wait... they'll be here eventually) Also, if you like my music, you can get it on my Bandcamp https://mabbees.bandcamp.com/album/retro-rewind-1","Verb: Wouldn't run, but removing the stop() on line 21, tab 0 fixes it for me :) || mabbees: @Verb - thanks for the catch! Somehow missed that before I hit publish. New version is up, and seems to work.",https://www.lexaloffle.com/bbs/?tid=159156
Russian checkers,Alkhan,https://www.lexaloffle.com/bbs/preview/pico8_russiancheckersalkhan-1.png,russiancheckersalkhan-1,CC4-BY-NC-SA (https://creativecommons.org/licenses/by-nc-sa/4.0/),4,Russian checkers — a classic checkers variant with flying kings and mandatory captures.,,https://www.lexaloffle.com/bbs/?tid=159152
"""Shadow""",squishyam,https://www.lexaloffle.com/bbs/preview/pico8_mifanayipu-1.png,mifanayipu-1,CC4-BY-NC-SA (https://creativecommons.org/licenses/by-nc-sa/4.0/),3,"Submission for the 2026 National Film and Television School ""Game Poem"" Jam, September 7-8 2026 A few tiles are from the excellent Canari 8BIT TopDown Pack by Johan Vinet/Canari Games All other art/music/programming by me",,https://www.lexaloffle.com/bbs/?tid=159149
pilatro_35,Jabz,https://www.lexaloffle.com/bbs/preview/pico8_pilatro_35-2.png,pilatro_35-2,No License,3,"Updates! This is my newest update to the Pico8 Balatro port. In this update I've added: Planet cards (hand levels) +17 new Joker cards Seudo Tarot cards (I'm not in love with how I've implemented tarot cards for the 8ball, will fix later) Controls: Mouse: select/drag | Holding Right click shows descriptions X: play/buy C: discard/sell Rules: Basically the same as base Balatro with some exclusion due to pico8 limitation + me probably being dumb. Core Game Structure Antes and Blinds: Each Ante consists of three rounds called Blinds: a Small Blind , a Big Blind , and a Boss Blind . Winning a Run: Successfully clear all 8 Antes to win the standard run. Turn and Hand Rules Drawing & Playing: You start round drawing 8 cards. You can play up to 5 cards from your hand to make a valid poker hand. Discards: You can discard up to 5 unwanted cards a limited number of times per round to try and draw better combinations. You cannot both play and discard on the same turn. Scoring Mechanics Scores are calculated using a two-part math system: Chips x Mult (Chips are base points from the cards, multiplied by your multiplier). Cards: Base values of played cards add to your Chips. Left-to-Right Order: Scoring resolves from left to right, meaning card placement and the positioning of your Jokers matter significantly for maximizing addition and multiplication. The Shop & Enhancements After beating a blind, you enter the Shop to spend money earned from remaining hands. interest, and base income. Jokers: Up to 5 special modifier cards that drastically break rules and boost chips or multipliers. Planet Cards: Upgrade the base level, chips, and mult of specific poker hands. Tarot & Spectral Cards: Modify, destroy, duplicate, or change the suits and enhancements of individual playing cards in your deck. NOTE: current version of cart only sort of implements Tarot Cards with 8ball joker and has no implementation of Spectral Cards . Though you can add cards to your deck with bonuses through the Pack in the shop. Currently these are all of the 35 available Joker cards: NOTE: There are likely to be many bugs with jokers please let me know what you find?",,https://www.lexaloffle.com/bbs/?tid=159145
scoundrel-8 (prototype),Red_Right_Hand_,https://www.lexaloffle.com/bbs/preview/pico8_scoundreleight-5.png,scoundreleight-5,No License,1,Pixel-art Scoundrel . A game prototype serving as a foundation for future dungeon crawlers I plan to create using the same underlying mechanics as Scoundrel .,,https://www.lexaloffle.com/bbs/?tid=159144
Princess Mochi,astropelican,https://www.lexaloffle.com/bbs/preview/pico8_princessmochi_a-0.png,princessmochi_a-0,No License,11,"Princess Mochi has a jetpack, two pigtails that never quite keep up with her, and a whole town's worth of mochi to carry home before dark. UFOs always flank her in single file, then dive straight into her. [8x8] The pigeons mean well. They fan in, arrange themselves into a very tidy little ring, and shoot at her anyway. [8x8] Fishcakes aren't meanies exactly, they're just happily wiggling through their little ribbon dance, unfortunately right in her way. [8x8] The mech means it rather more. And somewhere past the second town something enormous is waiting, though she'd rather not think about that part just yet. [16x16] Mochi is the whole point. [16x16] Pink mochi makes her gun quicker and her reach longer. These appear whenever she terminates an enemy fool that gets in her way. [16x16] Cream mochi makes her light on her feet. These appear when she obliterates an entire wave of pigeons, UFOs, or fishcakes. [16x16] Matcha mochi, her favorite, buys hearts, and hearts are the one thing nobody can take back off her; clip a tree or a road sign and everything else goes bouncing merrily away down the road behind you. Embarrassing, but survivable. Two towns, two bosses, and one princess with excellent posture and no intention of slowing down. 🤍 Special thanks to the pico8 Discord community for their help: freds72 who was instrumental in helping me nail the shadow aesthetic, and @wasdly for the mode7 terrain rendering, as well as the #project channel on there for feedback and suggestions. Parens-8 Built with parens-8, which is AGPLv3. Full source here. download Windows, Mac, Linux, and Raspberry PI builds from itch.io.",LevyGames: You did an incredible job with this game. I had a ton of fun playing it. Thank you for posting it!,https://www.lexaloffle.com/bbs/?tid=159143
Lionfish Hunter 2026,shutch42,https://www.lexaloffle.com/bbs/preview/pico8_lionfish_hunter_2026-0.png,lionfish_hunter_2026-0,CC4-BY-NC-SA (https://creativecommons.org/licenses/by-nc-sa/4.0/),4,"This is my first pico-8 game that isn't a tutorial! It's a little janky, but I'm happy with it. Press x to shoot your speargun, and z to dodge-roll. Spear the lionfish to move onto the next room. Certain fish and objects do damage (the ones you would expect- lionfish, jellyfish, sharks, hooks, etc.). There are seven levels, and you have 5 health points. Make it to the end for some cool boss fights.",,https://www.lexaloffle.com/bbs/?tid=159135
Kairu,sgchild9,https://www.lexaloffle.com/bbs/preview/pico8_gifodedize-0.png,gifodedize-0,CC4-BY-NC-SA (https://creativecommons.org/licenses/by-nc-sa/4.0/),2,"Kairu A strategic territory game inspired by Kulami, made for PICO-8. Place your marbles to claim territory while restricting where your opponent can play next. The board gradually changes as spaces are occupied, creating a game where a move that looks good now can set up — or ruin — your next several turns. Kairu includes: Single-player mode with an easy/hard AI opponent Local 2-player mode Territory-based scoring Condensed rules included in cartridge but full ruleset can be found online This started as an experiment to see if I could build a Kulami-inspired game in PICO-8, and gradually turned into a proper little game of its own. Enjoy!",,https://www.lexaloffle.com/bbs/?tid=159133
Plight of the Angel,AlrtCypress,https://www.lexaloffle.com/bbs/preview/pico8_flying_bullethell-5.png,flying_bullethell-5,No License,8,"Survive the boss for as long as you can! Controls: Use LEFT, RIGHT, and UP (or X if you're using a controller) to fly around. Press O to dash. Press DOWN to heal (as long as the cooldown is not active.) Tips: the screen wraps around. Use it to dodge attacks if needed. your hitbox is relatively small. It's never too late to squeeze out to safety! there is no cooldown on the dash ability. Just be careful not to dash right into an attack! This game was inspired by late-game Terraria bosses, including the wing-based movement and the bullet hell gameplay. Let me know what you think! Attack Patterns: Red: A cluster of projectiles spawn offscreen, locking onto you then firing. Yellow: 3 small dots spawn around you and quickly accelerate inward. Purple: 6 dots begin to swirl around you, slowly closing in. Green: Bouncing balls fall from the sky from left to right (or vice versa) and bounce back up ======Changelog ====== 1.01 day-one hotfix for controller support. Press X to fly upward. 1.02 fixed a bug where X and UP had different flying physics. Adjusted the music and introduced Autoheal 1.03 added cover art, updated description to add attack descriptions 1.04 added a new alternate song. The music is picked randomly at game start","jack_turps: This has so much sauce, especially love the red attack pattern, the music, and the boss sprite!! || RustBot: It's neat. I like it Although I did notice that flying with the UP button & the X button feels different. And I'm pretty sure it is || AlrtCypress: @RustBot the issue has been resolved in the latest patch. Thank you for your support!",https://www.lexaloffle.com/bbs/?tid=159132
VPOLY,Bastianno,https://www.lexaloffle.com/bbs/preview/pico8_zayehafesi-0.png,zayehafesi-0,CC4-BY-NC-SA (https://creativecommons.org/licenses/by-nc-sa/4.0/),4,Function for whoever wants it. Info inside code.,harold_: This is a cool function - I like how it is parameterized on v. > --hope it works -♥- It did.,https://www.lexaloffle.com/bbs/?tid=159129
Love Me Not,jack_turps,https://www.lexaloffle.com/bbs/preview/pico8_love_me_not-5.png,love_me_not-5,No License,15,"Controls left/right: spin and drift z/x: float enter: open the pause menu (toggle clock, etc) Land on your stem to bounce. Escape the cave to win. Shout Outs Shout out to Pogostuck for it's torturous movement, Abnormal Grass for its attention to surface normals, and Moss Moss for its depiction of a comfy grotto. Tips and Tricks Leaderboards are available in the itch build .","MaxOsirus: This is awesome! Annnnnd super hard lol || cheesemug: This game looks awesome and the askew wall are something new to me. I love the few frame long animation at the start where the walls are being build. but sadly the gameplay might be too hard for me. (but I’ll keep trying) || Bazwell: I got it! I love that the inputs affect the horizontal speed and the rotation at the same time, it makes controlling the flower extremely frantic. Regenerating the level as you move up and down is also a really cool way to deal with difficulty. Otherwise I probably would have given up on some brutal spike sections. || jack_turps: @cheesemug thank you for those kind words! The video is very helpful. Floating can be counter-intuitive. It helps when you take a big fall, but because it slows you down it can make climbing much harder. I'll see if there's a better way to signal that in-game, thanks again and good luck! I believe in you! || jack_turps: @Bazwell congrats, its not an easy climb!! I'm glad you enjoyed the movement and level-gen, those were the areas I spent the most time fussing over (:",https://www.lexaloffle.com/bbs/?tid=159124
OXO,Alkhan,https://www.lexaloffle.com/bbs/preview/pico8_oxoalkhan-0.png,oxoalkhan-0,CC4-BY-NC-SA (https://creativecommons.org/licenses/by-nc-sa/4.0/),2,A recreation of OXO (1952) — the earliest known computer game to display visuals on a video monitor.,,https://www.lexaloffle.com/bbs/?tid=159123
snowy mountain animation,semaphore,https://www.lexaloffle.com/bbs/preview/pico8_snowy_mountain_anim-3.png,snowy_mountain_anim-3,CC4-BY-NC-SA (https://creativecommons.org/licenses/by-nc-sa/4.0/),3,"64x64-mode, sprite sketch with some procedural snow",,https://www.lexaloffle.com/bbs/?tid=159122
Don't Study Me!,ymellow,https://www.lexaloffle.com/bbs/preview/pico8_dont_study_me-0.png,dont_study_me-0,CC4-BY-NC-SA (https://creativecommons.org/licenses/by-nc-sa/4.0/),2,,,https://www.lexaloffle.com/bbs/?tid=159115
beachbirdpanic,lvl99chicken,https://www.lexaloffle.com/bbs/preview/pico8_beachbirdpanic-0.png,beachbirdpanic-0,No License,1,,,https://www.lexaloffle.com/bbs/?tid=159112
Sepsis 1K,Adam Atomic,https://www.lexaloffle.com/bbs/preview/pico8_sepsis-0.png,sepsis-0,No License,9,"My entry for the 1k jam! Zap stuff, get points, you know the drill. Thanks to my love Bekah for coming up with a great title. Inspired by https://www.lexaloffle.com/bbs/?pid=195760#p 1023 compressed bytes without the cartridge tags!",RealShadowCaster: Nice,https://www.lexaloffle.com/bbs/?tid=159111
echoes,unikotoast,https://www.lexaloffle.com/bbs/preview/pico8_echoes-0.png,echoes-0,CC4-BY-NC-SA (https://creativecommons.org/licenses/by-nc-sa/4.0/),4,1024 bytes game for pico-1k jam 2026 ← ↑ ↓ → - move Z - start Collect items and avoid your shadows play on itch.io,,https://www.lexaloffle.com/bbs/?tid=159110
Sumer,Alkhan,https://www.lexaloffle.com/bbs/preview/pico8_sumeralkhan-1.png,sumeralkhan-1,CC4-BY-NC-SA (https://creativecommons.org/licenses/by-nc-sa/4.0/),6,"I made a PICO-8 adaptation of ""The Sumerian Game (1964)"" — one of the earliest computer strategy games, designed by Mabel Addis.",LevyGames: This is cool! I’ve been thinking of doing an Oregon trail remake. || smthng_wll_hppn: I won! || Alkhan: Thanks! Glad you liked it. I’ve actually been thinking about doing my own PICO-8 interpretation of The Oregon Trail too.,https://www.lexaloffle.com/bbs/?tid=159108
space shooter,Tserre,https://www.lexaloffle.com/bbs/preview/pico8_tserrespaceshooter-1.png,tserrespaceshooter-1,CC4-BY-NC-SA (https://creativecommons.org/licenses/by-nc-sa/4.0/),1,"""press ❎ to start"" ""❎ to shoot"" ""⬅️⬆️➡️⬇️ to move""",,https://www.lexaloffle.com/bbs/?tid=159104
Marienbad,Alkhan,https://www.lexaloffle.com/bbs/preview/pico8_marienbadalkhan-0.png,marienbadalkhan-0,CC4-BY-NC-SA (https://creativecommons.org/licenses/by-nc-sa/4.0/),3,"A recreation of Marienbad — an early Polish computer game from 1962, based on a variant of Nim.","LevyGames: Awesome! My wife and I enjoyed playing together. Thanks for posting! || Alkhan: Yeah, it has a similar kind of feel to Nim. I decided to recreate it because this kind of game also has its own place in early video game history.",https://www.lexaloffle.com/bbs/?tid=159100
Violet Tactics (Deltarune Chapter 5 Cover),squishyam,https://www.lexaloffle.com/bbs/preview/pico8_vt_squishyam-0.png,vt_squishyam-0,No License,9,Did not expect to spend so long on this. Waveform visualizer by Colin The Newmaker: https://www.lexaloffle.com/bbs/?tid=149602 Original track by Toby Fox all rights reserved uhhhhhhhhhhhh yeah,Kasio: That programming on the lead is so faithful to the original :O sounds great! || Elliot_forzaken: esta bueno me encanta,https://www.lexaloffle.com/bbs/?tid=159099
Minesweeper SPECIAL,Benefitssketch,https://www.lexaloffle.com/bbs/preview/pico8_minesweeperspecial-4.png,minesweeperspecial-4,No License,3,"This is my first foray into development using Pico-8, I enjoyed it a lot! I tried to give the game a couple Easter eggs and oddities, to give it a slightly different flavour from other minesweeper clones. Controls: Arrow Keys - movement C - Reveal a square // Confirm X - Toggle flag The mouse controls are as you'd expect. (Player 2's controls are Pico-8's defaults) For the Name menu, you can change letters using the Up and Down keys, and move between character positions using Right and Left. Features: Click on Yeller (the smiley face) in the upper right of the board, he'll give you a hint that might be useful. Full mouse support (besides the versus mode and name selection screen), persistent hi-scores and user-selected names. (I'll leave the Easter eggs a mystery) If you find any notable bugs, please let me know! I very likely missed many .","RealShadowCaster: OK minesweeper, the ""hints"" are original and funny, I'll play some more to see if it's just all random nonsense or if there's any consistency in them relative to reality. Bugs : when a misplaced flag is swallowed by the auto clear of a 0, the flag count is not updated. if you start the game during the bomber animation, the game crashes. Missing : chording number colors for faster grid reading progressive reveal when hitting a 0 game over grid to understand where you made a mistake Unusual : You win by placing flags, leading to a sudden victory when a lot of the grid remains to be cleared. Can also be abused to win by brute force flag tries at the end of the grid. On the plus side, no more 50%/50% defeat at the end of the grid. Missed opportunity : It's much more fun in 2 players versus to work on the same grid. Each player has his own flag color. You die either by revealing a bomb or misplacing a flag. This way the other player's flags are trustworthy. Most flags wins, and timer countdown if a player dies before the game ends. You could also spawn new player cursors up to 8 in multiplayer mode if you detect pad inputs for pads 3-8. || Benefitssketch: @RealShadowCaster Thanks for the feedback! I've just updated the game, the auto clear no longer messes with the flag count. Though, I was unable to recreate the Bomberguy crash. From my testing, starting a game just pauses the animation, and the sequence continues after re-entering the main menu. Are there any specific conditions that trigger the crash? I'll likely add the suggestions you've made for missing features. Your idea for an alternative versus gamemode is great! I think I may opt for replacing the current versus game, or adding your idea in addition. Or even making it a standalone pico-8 cart to accommodate for a larger player count (if you don't mind me stealing your idea :D) || RealShadowCaster: By all means, be my guest and implement 8 players vs or co-op minesweeper. There are a lot of pico-8 minesweeper versions, but no good multiplayer version to date. I recommend trying shyfu's version for inspiration, and also to read the comment section where a lot has been discussed during the development. https://www.lexaloffle.com/bbs/?tid=55021 For the controls, having the option for mouse to be optionally affected to player 2 or 3 would be nice on computers where only 1 game pad is plugged. You can have one player on keyboard, one on pad, and one on mouse this way. Bugs : clicking on a flag reveals it as if it were a non flagged cell. bomb counters not reset when restarting after a 2 player game ending by a click on a bomb. winning a grid in 2 player mode crashes the game. || Benefitssketch: @RealShadowCaster thanks for the further feedback! That's a great idea, I'll add it to the plans. Shyfu's Minesweeper is extremely impressive, especially on the visual front. Also, I didn't realize you were such a long time pico-8 Minesweeper connoisseur, I feel honored! Yeah, I've learned that there's a stupendous amount of bugs in the versus mode. All due to egregious oversights on my part. I'll have to spend some time ironing them all out.",https://www.lexaloffle.com/bbs/?tid=159096
dodge1k,davemakes,https://www.lexaloffle.com/bbs/preview/pico8_dodge1k-0.png,dodge1k-0,No License,5,"Made this in 999 compressed bytes for PICO-1K Jam 2026. Arrow keys move, X and O slow time. Get close to red circles to mine points, but don't get hit!","Cowirrie: The gravity effect is genius. Eventually there are small dots zipping all over the place, and I know that they didn't spawn that way, it's because I was careless about which direction I pulled them from... Thank you also for squeezing in a restart button. I know some limited-space carts this simply isn't feasible, but it's good quality of life when you can do it.",https://www.lexaloffle.com/bbs/?tid=159095
1997 Snake,LevyGames,https://www.lexaloffle.com/bbs/preview/pico8_wogedogube-2.png,wogedogube-2,CC4-BY-NC-SA (https://creativecommons.org/licenses/by-nc-sa/4.0/),6,,Alkhan: I love stuff like this. Great recreation — it really hits the nostalgia. || BemBlob: YAY!!!!! || LevyGames: I’m so glad you guys enjoyed the game!,https://www.lexaloffle.com/bbs/?tid=159094
Hypno Sis,Ehkber,https://www.lexaloffle.com/bbs/preview/pico8_urgurgurg_hypno_sis-5.png,urgurgurg_hypno_sis-5,No License,1,"A nsfw/fetish-based comedy game for the Heavy Weight game jam . Obviously won't be to everyone's taste but I'm proud of the fakey-mcfakerson ""physics"" and the coroutine-based cutscene system so hearfelt thankyou to any brave souls who check it out. Currently open to any feedback/ideas about how to add more variety and challenge into the levels.","Verb: Nice game! Thanks for the cheesecake and the very silly story. My only suggestion is to fix the end from ending abruptly, and if you have the spare tokens to list the times for each level at the end. || Ehkber: That's a great idea! 👍",https://www.lexaloffle.com/bbs/?tid=159092
Pool 1954,Alkhan,https://www.lexaloffle.com/bbs/preview/pico8_poolalkhan-1.png,poolalkhan-1,CC4-BY-NC-SA (https://creativecommons.org/licenses/by-nc-sa/4.0/),2,A recreation of the 1954 Pool game — one of the earliest known video game adaptations of billiards.,,https://www.lexaloffle.com/bbs/?tid=159090
Nova Strike v1.1.4,Supernova3339,https://www.lexaloffle.com/bbs/preview/pico8_supersoft_novastrike-7.png,supersoft_novastrike-7,CC4-BY-NC-SA (https://creativecommons.org/licenses/by-nc-sa/4.0/),2,"NOVA STRIKE ( v1.1.4 ) Typical wave shooter, first attempt at a pico-8 game. Takes some inspiration from Galaxian for Atari Not the best at music, first go in the editor so apologies in advance! You can turn it off in options though :) What YOU Can Do: Shoot stuff Grab power-ups that drop (I have shields even, your welcome) Bombs for mass clearing of enemies (you can get extra from drops) There's a few bosses as Galaxian had a few bosses Roguelike-ish with upgrades every few stages w/shop-rerolls Unlock new ships by playing stages and resume from where you left off for a casual-experience :) Features: Infinite gameplay UI Menu with options, credits, and high scores :D Rocketship character Community Feedback/Tips appreciated! Note that I am quite close to my limit even with shrinko8 and do not want this to be a multicart title. Changelog V1.1.4 Balanced the game more Bug fixes w/drifting mechanic Fixed possibility for boss health table to overflow V1.1.3 Adjusted ship firing to be different as a reward for unlocking them V1.1.2 Fixed drifting and speed controls Fixed issue with notifications popping without unlocking new character V1.1.1 Buffed game to make harder over waves Multiple highscore names instead of just one Changed options menu to use previous menu navigation system You can now delete all of your data Colored in the Pico-8 logo for splashscreen Balanced portions of the game to ensure longer playtime Clears out projectiles and powerups properly after a wave is cleared V1.1.0 More enemies added More bosses Upgrade system Checkpoints Improved visuals More ships to choose from You can add your initials to leaderboard now! Some transitions and ""pop"" Splashscreen Attempted to improve music V1.0.1 Slight improvements to music Game music properly mutes instead of just main-menu music being muted v1.0.0 Initial Release Code ( to run game, minimize with shrinko8! ) pico-8 cartridge // http://www.pico-8.com version 43 __lua__ -- nova strike -- by supernova software function _init() cartdata(""supernova_novastrike_v2"") opts=dget(1) checkpoint_wave=max(1,dget(3)) ship_sel=max(1,dget(4)) hs_score={} hs_init={} for i=1,5 do add(hs_score,dget(9+i)) add(hs_init,dget(19+i)) end hiscore=hs_score[1] sel,state,splash_timer,splash_phase,splash_anim=1,""splash"",100,1,0 shake,flash,hitflash,locked_flash,alert_timer,alert_text,confirm_clear=0,0,0,0,0,"""",false init_starfield() end function show_alert(txt,col) alert_text=txt alert_col=col or 10 alert_timer=80 end function draw_alert() if alert_timer<=0 then return end local ty if alert_timer>65 then ty=-10+64*(80-alert_timer)/15 elseif alert_timer<15 then ty=-10+64*alert_timer/15 else ty=54 end rectfill(0,ty,127,ty+9,1) line(0,ty,127,ty,alert_col) line(0,ty+9,127,ty+9,alert_col) print(alert_text,64-#alert_text*2,ty+2,7) end ship_name={""nova"",""swift"",""tank"",""raptor"",""phantom""} ship_perk={"""","""",""+1 start shield"",""+1 start bomb"",""""} ship_spd={1.5,2.3,1.0,2.0,2.7} ship_unlock_st={0,30,70,150,300} local ns={0,9,10,11} ship_spr={ns,ns,ns,{12,13,14,15},{24,25,26,27}} function ship_unlocked(n) return checkpoint_wave>=ship_unlock_st[n] end function ship_pal_on() if ship_sel==2 then pal(8,12) pal(9,7) elseif ship_sel==3 then pal(8,11) pal(9,3) end end function ship_frame(n,f) return ship_spr[n][f] end function dship(fr,x,y) ship_pal_on() spr(fr,x,y) pal() end function dshipspr(n,dx,dy,dw,dh) local saved=ship_sel ship_sel=n local si=ship_frame(n,1) ship_pal_on() sspr((si%16)*8,(si\16)*8,8,8,dx,dy,dw,dh) pal() ship_sel=saved end function efr(t,et) return ((t\6)%2==0) and enemy_sprite[et] or enemy_sprite_alt[et] end function hudbar() rectfill(0,0,127,15,0) line(0,15,127,15,5) end function bit(n) return 1<<n end function mask_get(m,n) return band(m,bit(n))!=0 end function pick_type(bits) local t repeat t=1+flr(rnd(6)) until mask_get(bits,t-1) return t end function psfx(n) if not mask_get(opts,1) then sfx(n) end end function pmusic(n,f) if not mask_get(opts,0) then music(n,f or 0) end end function init_starfield() stars={} for layer=1,3 do for i=1,12 do add(stars,{x=rnd(128),y=rnd(128),layer=layer}) end end end function update_starfield() for s in all(stars) do s.y+=s.layer*0.4 if s.y>127 then s.y=0 s.x=rnd(128) end end end function draw_starfield() for s in all(stars) do local c=5 if s.layer==2 then c=6 end if s.layer==3 then c=7 end pset(s.x,s.y,c) end end -->8 -- wave data & setup wd_raw=split(""6,1,40,10,10|8,3,32,10,11|8,3,30,10,11|10,7,26,11,12|B,1|10,6,26,12,12|12,23,22,12,13|12,30,20,13,13|14,47,18,14,14|B,2|14,63,16,15,14|16,62,14,16,15|16,63,12,17,15|B,3"",""|"") function get_wave(w) if w<=14 then local f=split(wd_raw[w]) if f[1]==""B"" then return {boss=f[2]} end return {count=f[1],typebits=f[2],interval=f[3],hp=f[4]/10,spd=f[5]/10} end local ex=w-14 if ex%5==0 then return {boss=((flr(ex/5)-1)%3)+1} end local tier=flr(ex/5) local mode=ex%4 local tb=63 local iv=max(7,12-tier) if mode==1 then tb=19 iv=max(5,iv-3) elseif mode==2 then tb=44 elseif mode==3 then tb=54 end return { count=min(40,16+tier*3), typebits=tb, interval=iv, hp=1.7+tier*0.28, spd=1.5+tier*0.14, } end -- standalone hp/spd lookup for enemy spawns. get_wave() can return a -- boss-only table with no hp/spd fields on boss waves, which crashed -- spawn_enemy() whenever a wave>14 boss interjected extra fodder -- enemies (e.g. stage 19). this always returns valid multipliers. function get_enemy_stats(w) if w<=14 then local f=split(wd_raw[w]) if f[1]==""B"" then return {hp=1.0,spd=1.0} end return {hp=f[4]/10,spd=f[5]/10} end local ex=w-14 local tier=flr(ex/5) return {hp=1.7+tier*0.28,spd=1.5+tier*0.14} end eb_raw=split(""2,10,.6|3,20,.7|4,30,.4|8,50,.35|2,25,.9|6,40,.5"",""|"") function ebase(t) local f=split(eb_raw[t]) return {hp=f[1],pts=f[2],spd=f[3]} end boss_hp={60,100,160} enemy_diver={[3]=true,[4]=true,[5]=true} enemy_sprite={[1]=1,[2]=2,[3]=3,[4]=4,[5]=20,[6]=22} enemy_sprite_alt={[1]=16,[2]=17,[3]=18,[4]=19,[5]=21,[6]=23} LETTERS=""abcdefghijklmnopqrstuvwxyz"" function start_game(sw) score_lo,score_hi,lives,bombs,weapon,shield,invtimer=0,0,3,2,1,0,0 px,py=64,104 pbullets,ebullets,enemies,powerups,particles,poptexts={},{},{},{},{},{} combo,maxcombo,totalkills,next_life,pmove,pvx=0,0,0,6000,0,0 wave=sw or 1 run_continued=(sw~=nil and sw>1) weapon_timer,fire_cd_base,dmg_bonus,bomb_cap,shield_cap=0,8,0,3,2 run_spd_bonus,boss_count,free_rerolls,bonus_timer_bonus=0,0,0,0 shake,flash=0,0 if ship_sel==3 then shield=1 end if ship_sel==4 then bombs=bomb_cap end start_wave() state=""playing"" pmusic(1) end function start_wave() local wd=get_wave(wave) spawn_timer,spawned,wave_kills,wave_hit,boss=0,0,0,false,nil if wd.boss then psfx(7) pmusic(3) boss_count+=1 local d=max(0,wave-14) local hp=flr(boss_hp[wd.boss]*(1+d*0.08)) boss={x=64,y=-20,hp=hp,maxhp=hp,ph=1,timer=0,dir=1,entering=true,kind=wd.boss,diff=d} show_alert((d>0) and ""warning: elite boss!"" or ""warning: boss incoming"",8) else show_alert(""stage ""..wave,10) end end -->8 -- player function update_player() local spd=ship_spd[ship_sel]+run_spd_bonus pmove=0 if btn(0) then pvx=max(-spd,pvx-spd*0.5) pmove=-1 elseif btn(1) then pvx=min(spd,pvx+spd*0.5) pmove=1 else pvx*=0.3+spd*0.24 end px=mid(4,px+pvx,124) if btn(2) then py=max(20,py-spd) end if btn(3) then py=min(124,py+spd) end if py>124 then py=124 end if btn(4) then try_fire() end if btnp(5) and bombs>0 then use_bomb() end if invtimer>0 then invtimer-=1 end if weapon_timer>0 then weapon_timer-=1 if weapon_timer<=0 and weapon>1 then weapon=1 add_pop(px,py-10,""weapon down"",8) end end fire_cd=max(0,fire_cd-1) end fire_cd=0 ship_bspd={4,4.8,3.2,4.4,5.2} ship_spread={0,0,0.3,0.15,0.4} function try_fire() if fire_cd>0 then return end fire_cd=fire_cd_base psfx(0) local bs,sp=ship_bspd[ship_sel],ship_spread[ship_sel] if weapon==1 then add(pbullets,{x=px,y=py-6,dx=0,dy=-bs}) elseif weapon==2 then add(pbullets,{x=px-3,y=py-4,dx=-sp,dy=-bs}) add(pbullets,{x=px+3,y=py-4,dx=sp,dy=-bs}) else add(pbullets,{x=px,y=py-6,dx=0,dy=-bs}) add(pbullets,{x=px-4,y=py-4,dx=-0.6-sp,dy=-bs*0.95}) add(pbullets,{x=px+4,y=py-4,dx=0.6+sp,dy=-bs*0.95}) end end function use_bomb() bombs-=1 psfx(3) flash,shake,ebullets=6,8,{} for e in all(enemies) do damage_enemy(e,12) end if boss then damage_boss(9) end end function player_hit() if invtimer>0 then return end if shield>0 then shield-=1 invtimer=30 psfx(4) combo=0 return end lives-=1 combo,wave_hit=0,true psfx(4) shake,hitflash,invtimer=10,8,90 if lives<=0 then do_gameover() end end -->8 -- enemies / bullets / powerups function spawn_enemy(etype) local base,wd=ebase(etype),get_enemy_stats(wave) local slot=spawned-1 local col=slot%7 local row=flr(slot/7)%3 local fx,fy=18+col*13,22+row*9 local side=(col%2==0) and -1 or 1 local hx=64+side*90 local dc=15+flr(rnd(30)) if etype==5 then dc=8+flr(rnd(18)) end if etype==6 then dc=10+flr(rnd(22)) end local h=flr(base.hp*wd.hp+0.999) add(enemies,{ etype=etype, x=hx,y=-16,fx=fx,fy=fy, sx0=hx,sy0=-16, hp=h, maxhp=h, spd=base.spd*wd.spd, timer=0, mode=""enter"", et=0,dt=0, sx=fx, divecd=dc, }) end function update_enemies() for e in all(enemies) do e.timer+=1 if e.mode==""enter"" then e.et=min(1,e.et+0.05) local t=e.et local ez=t*t*(3-2*t) e.x=e.sx0+(e.fx-e.sx0)*ez+sin(t*0.5)*20*(1-t) e.y=e.sy0+(e.fy-e.sy0)*ez if t>=1 then e.x=e.fx e.y=e.fy e.mode=""form"" end elseif e.mode==""form"" then e.x=e.fx+sin(e.timer/30)*2 e.y=e.fy e.divecd-=1 if e.divecd<=0 then if enemy_diver[e.etype] then e.mode=""dive"" e.dt=0 e.sx=e.x else local dx=(px-e.x)/60 add(ebullets,{x=e.x,y=e.y+4,dx=dx,dy=1.4}) psfx(1) e.divecd=20+flr(rnd(30)) end end elseif e.mode==""dive"" then e.dt+=1 e.x=e.sx+sin(e.dt/10)*14 e.y=e.fy+e.dt*(1.6*e.spd) if e.dt==14 then if e.etype==3 then add(ebullets,{x=e.x-3,y=e.y+4,dx=-0.8,dy=1.4}) add(ebullets,{x=e.x,y=e.y+4,dx=0,dy=1.6}) add(ebullets,{x=e.x+3,y=e.y+4,dx=0.8,dy=1.4}) else local dx=(px-e.x)/40 local dy=(py-e.y)/40 add(ebullets,{x=e.x,y=e.y+4,dx=dx,dy=dy+1}) end psfx(1) end if e.y>140 then e.mode=""enter"" e.et=0 e.y=-10 e.x=e.fx e.sx0=e.fx e.sy0=-10 e.divecd=30+flr(rnd(40)) end end end end function update_pbullets() for b in all(pbullets) do b.x+=b.dx b.y+=b.dy if b.y<-4 then del(pbullets,b) end end end function update_ebullets() for b in all(ebullets) do b.x+=b.dx b.y+=b.dy if b.y>132 or b.y<-4 or b.x<-4 or b.x>132 then del(ebullets,b) end end end function damage_enemy(e,dmg) e.hp-=dmg if e.hp<=0 then kill_enemy(e) end end function kill_enemy(e) spawn_particles(e.x,e.y,12) shake=max(shake,3) psfx(2) local pts=ebase(e.etype).pts combo+=1 if combo>maxcombo then maxcombo=combo end if combo>=5 then pts+=flr(combo/5)*5 end addscore(pts) wave_kills+=1 totalkills+=1 add_pop(e.x,e.y,""+""..pts,7) check_extra_life() maybe_drop(e.x,e.y) del(enemies,e) end function add_pop(x,y,txt,col) add(poptexts,{x=x,y=y,txt=txt,life=24,col=col}) end function update_poptexts() for p in all(poptexts) do p.y-=0.5 p.life-=1 if p.life<=0 then del(poptexts,p) end end end function draw_poptexts() for p in all(poptexts) do print(p.txt,p.x-6,p.y,p.col) end end function check_extra_life() if score_capped()>=next_life then lives=min(9,lives+1) next_life=flr(next_life*1.5) psfx(9) add_pop(px,py-10,""1up!"",11) end end function maybe_drop(x,y) if rnd(1)<0.14 then local r=rnd(1) local t=""gem"" if r<0.32 then t=""weapon"" elseif r<0.62 then t=""gem"" elseif r<0.76 then t=""shield"" elseif r<0.84 then t=""bomb"" elseif r<0.93 then t=""reroll"" else t=""upgrade"" end add(powerups,{x=x,y=y,t=t}) end end function update_powerups() for p in all(powerups) do p.y+=0.8 if p.y>132 then del(powerups,p) end end end function spawn_particles(x,y,n) for i=1,n do local a=rnd(1) add(particles,{x=x,y=y,dx=cos(a)*1.5,dy=sin(a)*1.5,life=20,col=(i%2==0) and 9 or 8}) end end function update_particles() for p in all(particles) do p.x+=p.dx p.y+=p.dy p.life-=1 if p.life<=0 then del(particles,p) end end end -->8 -- boss function biv(n,d) return max(4,n-d) end function update_boss() local b=boss if b.entering then b.y+=0.6 if b.y>=24 then b.y=24 b.entering=false end return end b.timer+=1 b.x+=b.dir*(0.7+b.kind*0.15+b.diff*0.015) if b.x<20 or b.x>108 then b.dir=-b.dir end local phase2=b.hp<=b.maxhp/2 local dm=1+b.diff*0.03 local d=flr(b.diff*0.5) if b.kind==1 then local cyc=b.timer%180 if cyc<70 then if b.timer%biv(phase2 and 14 or 20,d)==0 then local n=6 for i=0,n-1 do local ang=0.55+(i/(n-1))*0.4 add(ebullets,{x=b.x,y=b.y+8,dx=cos(ang)*1.6*dm,dy=sin(ang)*1.6*dm}) end psfx(1) end elseif cyc<140 then if b.timer%biv(phase2 and 10 or 16,d)==0 then local dx=(px-b.x)/50 local dy=(py-b.y)/50 add(ebullets,{x=b.x,y=b.y+8,dx=dx*dm,dy=(dy+0.6)*dm}) psfx(1) end end elseif b.kind==2 then if b.timer%biv(phase2 and 16 or 24,d)==0 then add(ebullets,{x=b.x-10,y=b.y+6,dx=-0.3*dm,dy=1.6*dm}) add(ebullets,{x=b.x+10,y=b.y+6,dx=0.3*dm,dy=1.6*dm}) psfx(1) end if phase2 and b.timer%biv(50,d)==0 then for i=0,7 do local ang=i/8 add(ebullets,{x=b.x,y=b.y+8,dx=cos(ang)*1.4*dm,dy=sin(ang)*1.4*dm}) end psfx(1) end else if b.timer%biv(phase2 and 8 or 14,d)==0 then local dx=(px-b.x)/45 local dy=(py-b.y)/45 add(ebullets,{x=b.x,y=b.y+8,dx=dx*dm,dy=(dy+0.5)*dm}) psfx(1) end if b.timer%biv(90,d)==0 then for i=-1,1 do add(ebullets,{x=b.x+i*8,y=b.y+8,dx=i*0.5*dm,dy=1.5*dm}) end psfx(1) end end end function damage_boss(dmg) boss.hp-=dmg if boss.hp<=0 then psfx(3) spawn_particles(boss.x,boss.y,24) shake,flash=14,5 local bpts=500*boss.kind addscore(bpts) combo+=1 if combo>maxcombo then maxcombo=combo end wave_kills+=1 totalkills+=1 last_boss_bonus=bpts add_pop(boss.x,boss.y,""+""..bpts,10) check_extra_life() boss=nil wave_clear() end end boss_sprite={[1]=32,[2]=34,[3]=36} function draw_boss() local b=boss local fx=b.x-8 local fy=b.y-8 spr(boss_sprite[b.kind],fx,fy,2,2) end -->8 -- collisions & wave progression function do_collisions() local dmg=1+flr(weapon/2)+dmg_bonus for b in all(pbullets) do local hit=false for e in all(enemies) do if abs(b.x-e.x)<6 and abs(b.y-e.y)<6 then damage_enemy(e,dmg) del(pbullets,b) hit=true break end end if not hit and boss and abs(b.x-boss.x)<14 and abs(b.y-boss.y)<12 then damage_boss(dmg) del(pbullets,b) end end if invtimer<=0 or shield>0 then for e in all(enemies) do if abs(px-e.x)<5 and abs(py-e.y)<5 then player_hit() kill_enemy(e) break end end for b in all(ebullets) do if abs(px-b.x)<3 and abs(py-b.y)<3 then player_hit() del(ebullets,b) break end end if boss and abs(px-boss.x)<12 and abs(py-boss.y)<10 then player_hit() end end for p in all(powerups) do if abs(px-p.x)<6 and abs(py-p.y)<6 then apply_powerup(p.t) del(powerups,p) end end end function apply_powerup(t) psfx(5) if t==""weapon"" then weapon=min(3,weapon+1) weapon_timer=450 add_pop(px,py-10,""weapon!"",12) elseif t==""shield"" then shield=min(shield_cap,shield+1) add_pop(px,py-10,""shield!"",12) elseif t==""bomb"" then bombs=min(bomb_cap,bombs+1) add_pop(px,py-10,""bomb!"",12) elseif t==""reroll"" then free_rerolls+=1 add_pop(px,py-10,""reroll+1!"",12) elseif t==""upgrade"" then local goodpool={} for i=1,#upg_pool do if not upg_pool[i].risky then add(goodpool,i) end end local pick=goodpool[1+flr(rnd(#goodpool))] upg_pool[pick].apply() add_pop(px,py-10,upg_pool[pick].name..""!"",10) else addscore(100) add_pop(px,py-10,""+100"",10) check_extra_life() end end function wave_clear() clear_wasboss=(get_wave(wave).boss~=nil) local bonus=wave_kills*5 if not wave_hit then bonus+=50 end addscore(bonus) clear_bonus,clear_kills=bonus,wave_kills wave+=1 if clear_wasboss and wave>checkpoint_wave then checkpoint_wave=wave dset(3,checkpoint_wave) local unlocked=false for i=2,5 do if wave==ship_unlock_st[i] then unlocked=true end end show_alert(unlocked and ""new ship unlocked!"" or ""checkpoint reached!"",unlocked and 12 or 11) end psfx(6) music(-1) pbullets,ebullets,powerups={},{},{} state,wc_phase,wc_timer,wc_line=""waveclear"",""out"",0,0 end function update_waveclear() wc_timer+=1 if wc_phase==""out"" then py-=3.2 if py<-12 then wc_phase=""tally"" wc_timer=0 wc_line=0 end elseif wc_phase==""tally"" then if wc_timer%14==0 and wc_timer<90 then spawn_particles(20+rnd(88),28+rnd(44),8) psfx(9) end if wc_timer%18==0 and wc_line<3 then wc_line+=1 psfx(5) end update_particles() if wc_timer>90 then wc_phase=""in"" px=64 py=160 end elseif wc_phase==""in"" then py-=3.2 if py<=104 then py=104 if clear_wasboss then start_upgrade(true) elseif (wave-1)%5==0 then start_upgrade(false) else start_wave() state=""playing"" pmusic(1) end end end end upg_pool={ {name=""fastfire"",desc=""fire rate up - shoot faster"",icon=5,apply=function() fire_cd_base=max(7,fire_cd_base-2) end}, {name=""megashot"",desc=""+1 damage on every hit"",icon=5,apply=function() dmg_bonus=min(4,dmg_bonus+1) end}, {name=""bomb bay"",desc=""+1 max bomb capacity"",icon=7,apply=function() bomb_cap+=1 bombs=min(bomb_cap,bombs+1) end}, {name=""aegis"",desc=""+1 max shield capacity"",icon=6,apply=function() shield_cap+=1 shield=min(shield_cap,shield+1) end}, {name=""turbo"",desc=""permanent ship speed boost"",icon=10,apply=function() run_spd_bonus+=0.3 end}, {name=""timewarp"",desc=""+3s on future bonus stages"",icon=10,apply=function() bonus_timer_bonus+=90 end}, {name=""overload"",desc=""+1 damage, -1 max bombs"",icon=5,risky=true,apply=function() dmg_bonus=min(4,dmg_bonus+1) bomb_cap=max(1,bomb_cap-1) bombs=min(bomb_cap,bombs) end}, {name=""glasscan"",desc=""huge fire rate, -1 life now"",icon=5,risky=true,apply=function() fire_cd_base=max(6,fire_cd_base-4) lives=max(1,lives-1) end}, {name=""armor"",desc=""+1 shield now, -ship speed"",icon=6,risky=true,apply=function() shield_cap+=1 shield=min(shield_cap,shield+1) run_spd_bonus-=0.3 end}, } function roll_upgrades() upg_offered={} local pool={} for i=1,#upg_pool do add(pool,i) end for i=1,3 do local idx=1+flr(rnd(#pool)) add(upg_offered,pool[idx]) del(pool,pool[idx]) end end function start_upgrade(thenbonus) state,upg_sel,upg_then_bonus=""upgrade"",1,thenbonus roll_upgrades() end function update_upgrade() if btnp(0) then upg_sel=max(1,upg_sel-1) end if btnp(1) then upg_sel=min(3,upg_sel+1) end if btnp(5) then if free_rerolls>0 then free_rerolls-=1 roll_upgrades() psfx(5) elseif lives>1 then lives-=1 hitflash=6 roll_upgrades() psfx(4) else psfx(4) end end if btnp(4) then upg_pool[upg_offered[upg_sel]].apply() psfx(10) if upg_then_bonus then start_bonus_intro() else start_wave() state=""playing"" pmusic(1) end end end function draw_upgrade() print(""choose an upgrade"",24,4,10) for i=1,3 do local u=upg_pool[upg_offered[i]] local x=2+(i-1)*42 local sel=(upg_sel==i) if sel then rect(x-1,15,x+39,53,10) end rect(x,16,x+38,52,sel and 11 or (u.risky and 9 or 5)) if sel then rectfill(x+1,17,x+37,51,1) end spr(u.icon,x+15,22) local nm=u.name print(nm,x+19-#nm*2,42,sel and 7 or 6) end line(2,58,125,58,6) local cu=upg_pool[upg_offered[upg_sel]] print(cu.desc,64-#cu.desc*2,70,7) print(""lt/rt: browse . z: take it"",4,96,6) local rcol=(free_rerolls>0) and 12 or (lives>1) and 10 or 5 local rtxt=(free_rerolls>0) and (""x: free reroll (""..free_rerolls.."")"") or ""x: reroll (-1 life)"" print(rtxt,4,106,rcol) end function start_bonus_intro() bonus_mode,state,trans_timer=((boss_count-1)%3)+1,""bonusintro"",50 end function update_bonusintro() trans_timer-=1 if trans_timer<=0 then start_bonus_stage() end end function start_bonus_stage() state=""bonusstage"" bonus_timer=340+bonus_timer_bonus bonus_score,bonus_total,bonus_hits,bonus_hit_taken,bonus_spawned,bonus_spawn_cd=0,16,0,false,0,16 bonus_enemies,particles,poptexts,pbullets,ebullets,powerups={},{},{},{},{},{} px,py=64,(bonus_mode==1) and 112 or 88 flash=4 pmusic(1) end function spawn_bonus_enemy() bonus_spawned+=1 local pat=flr(rnd(4)) local e={t=0,etype=1+bonus_spawned%4} if pat==0 then e.x=-8 e.y=20+flr(rnd(6))*12 e.dx=1.7 e.dy=0 elseif pat==1 then e.x=64 e.y=-8 e.dx=0 e.dy=1.5 elseif pat==2 then e.x=136 e.y=20+flr(rnd(6))*12 e.dx=-1.7 e.dy=0 else e.x=-8 e.y=18 e.dx=1.3 e.dy=0.6 end if bonus_mode==2 then e.dx*=1.3 e.dy*=1.3 end add(bonus_enemies,e) end function update_bonusstage() if bonus_mode==1 then local spd=2 if btn(0) then px=max(4,px-spd) end if btn(1) then px=min(124,px+spd) end if btn(4) then try_fire() end fire_cd=max(0,fire_cd-1) update_pbullets() else local spd=2.2 if btn(0) then px=max(4,px-spd) end if btn(1) then px=min(124,px+spd) end if btn(2) then py=max(20,py-spd) end if btn(3) then py=min(124,py+spd) end end bonus_spawn_cd-=1 if bonus_spawn_cd<=0 and bonus_spawned<bonus_total then spawn_bonus_enemy() bonus_spawn_cd=(bonus_mode==2) and 12 or 16 end for e in all(bonus_enemies) do e.t+=1 e.x+=e.dx e.y+=e.dy+((bonus_mode==1) and sin(e.t/12)*0.6 or 0) if bonus_mode==3 and abs(px-e.x)<7 and abs(py-e.y)<7 then bonus_hits+=1 bonus_score+=40 psfx(5) add_pop(e.x,e.y,""+40"",10) spawn_particles(e.x,e.y,6) del(bonus_enemies,e) elseif bonus_mode==2 and abs(px-e.x)<7 and abs(py-e.y)<7 then bonus_hit_taken=true hitflash=6 psfx(4) del(bonus_enemies,e) elseif e.x<-12 or e.x>140 or e.y>140 then if bonus_mode==2 then bonus_hits+=1 bonus_score+=30 end del(bonus_enemies,e) end end if bonus_mode==1 then for b in all(pbullets) do for e in all(bonus_enemies) do if abs(b.x-e.x)<6 and abs(b.y-e.y)<6 then bonus_hits+=1 bonus_score+=50 spawn_particles(e.x,e.y,8) add_pop(e.x,e.y,""+50"",10) psfx(2) del(bonus_enemies,e) del(pbullets,b) break end end end end update_particles() update_poptexts() bonus_timer-=1 if bonus_timer<=0 or (bonus_mode~=2 and bonus_spawned>=bonus_total and #bonus_enemies==0) then bonus_perfect=(bonus_hits>=bonus_total) and not bonus_hit_taken if bonus_perfect then bonus_score+=1000 end addscore(bonus_score) state=""bonusresult"" trans_timer=90 psfx(9) end end function update_bonusresult() trans_timer-=1 if trans_timer<=0 then pbullets={} start_wave() state=""playing"" pmusic(1) end end function check_wave_progress() if boss then return end if state~=""playing"" then return end local wd=get_wave(wave) if spawned>=wd.count and #enemies==0 then wave_clear() end end function hs_qualifies() for i=1,5 do if hs_score[i]==0 then return true end end return score_capped()>=hs_score[5] end function hs_insert() local sc=score_capped() local idx=5 for i=1,5 do if hs_score[i]==0 or sc>=hs_score[i] then idx=i break end end for i=5,idx+1,-1 do hs_score[i]=hs_score[i-1] hs_init[i]=hs_init[i-1] end hs_score[idx]=sc hs_init[idx]=initials[1]*676+initials[2]*26+initials[3] for i=1,5 do dset(9+i,hs_score[i]) dset(19+i,hs_init[i]) end hiscore=hs_score[1] end function do_gameover() psfx(8) music(-1) after_initials=""gameover"" if hs_qualifies() and not run_continued then start_initials() else enter_endscreen(""gameover"") end end function enter_endscreen(s) state,end_timer,end_line,waitrelease=s,0,0,true end function start_initials() initials={0,0,0} initial_pos,state,waitrelease=1,""enterinitials"",true end function update_enterinitials() if waitrelease then if not (btn(4) or btn(5)) then waitrelease=false end end if btnp(2) then initials[initial_pos]=(initials[initial_pos]+1)%26 end if btnp(3) then initials[initial_pos]=(initials[initial_pos]+25)%26 end if not waitrelease and (btnp(4) or btnp(5)) then psfx(10) if initial_pos<3 then initial_pos+=1 else hs_insert() enter_endscreen(after_initials) end end end -->8 -- main update / draw function _update() update_starfield() if alert_timer>0 then alert_timer-=1 end if state==""splash"" then update_splash() elseif state==""title"" then update_title() elseif state==""menu"" then update_menu() elseif state==""garage"" then update_garage() elseif state==""options"" then update_options() elseif state==""highscores"" then update_back() elseif state==""playing"" then update_playing() elseif state==""enterinitials"" then update_enterinitials() elseif state==""waveclear"" then update_waveclear() elseif state==""upgrade"" then update_upgrade() elseif state==""bonusintro"" then update_bonusintro() elseif state==""bonusstage"" then update_bonusstage() elseif state==""bonusresult"" then update_bonusresult() elseif state==""gameover"" then update_endscreen() end if shake>0 then shake-=1 end if flash>0 then flash-=1 end if hitflash>0 then hitflash-=1 end if locked_flash>0 then locked_flash-=1 end end function update_splash() splash_timer-=1 splash_anim+=1 if splash_timer<=0 then flash=4 if splash_phase==1 then splash_phase=2 splash_timer=100 splash_anim=0 else state=""title"" pmusic(0,2000) end end end function update_title() if btnp(4) or btnp(5) then state=""menu"" psfx(10) end end menu_items={""start game"",""continue"",""hangar"",""highscores"",""options"",""exit""} function navsel(n) if btnp(2) then sel=(sel-2)%n+1 end if btnp(3) then sel=sel%n+1 end end function update_menu() navsel(#menu_items) if btnp(4) then psfx(10) if sel==1 then start_game(1) elseif sel==2 then start_game(checkpoint_wave) elseif sel==3 then garage_sel=ship_sel state=""garage"" elseif sel==4 then state=""highscores"" elseif sel==5 then sel=1 state=""options"" else state=""title"" end end end function update_garage() if btnp(1) then garage_sel=garage_sel%5+1 end if btnp(0) then garage_sel=((garage_sel-2)%5)+1 end if btnp(4) or btnp(5) then if ship_unlocked(garage_sel) then ship_sel=garage_sel dset(4,ship_sel) psfx(10) state=""menu"" else psfx(4) shake=6 locked_flash=12 end end end function update_back() if btnp(4) or btnp(5) then state=""menu"" end end function update_endscreen() end_timer+=1 if end_timer%16==0 and end_line<4 then end_line+=1 psfx(5) end if waitrelease then if not (btn(4) or btn(5)) then waitrelease=false end end if end_timer>44 and end_line>=4 and not waitrelease and (btnp(4) or btnp(5)) then state=""menu"" pmusic(0) end end opt_items={""music"",""sfx"",""clear data"",""back""} function update_options() if confirm_clear then if btnp(4) then clear_data() confirm_clear=false end if btnp(5) then confirm_clear=false end return end navsel(#opt_items) if btnp(4) or btnp(5) then if sel==1 then opts=bxor(opts,1) dset(1,opts) if mask_get(opts,0) then music(-1) else music(0) end elseif sel==2 then opts=bxor(opts,2) dset(1,opts) elseif sel==3 then confirm_clear=true else state=""menu"" end end end function clear_data() for i=0,24 do dset(i,0) end checkpoint_wave,ship_sel,opts,hiscore=1,1,0,0 for i=1,5 do hs_score[i],hs_init[i]=0,0 end end function update_playing() update_player() update_enemies() update_pbullets() update_ebullets() update_powerups() update_particles() update_poptexts() if boss then update_boss() if boss.diff>0 and #enemies<3 and rnd(1)<0.02 then spawned+=1 spawn_enemy(1+flr(rnd(6))) end else local wd=get_wave(wave) spawn_timer+=1 if spawn_timer>=wd.interval and spawned<wd.count then spawn_timer=0 spawned+=1 spawn_enemy(pick_type(wd.typebits)) end end do_collisions() if state~=""playing"" then return end check_wave_progress() end function _draw() local sx,sy=0,0 if shake>0 then sx=flr(rnd(3))-1 sy=flr(rnd(3))-1 end camera(-sx,-sy) cls(0) if state~=""splash"" then draw_starfield() end if state==""splash"" then draw_splash() elseif state==""title"" then draw_title() elseif state==""menu"" then draw_menu() elseif state==""garage"" then draw_garage() elseif state==""options"" then draw_options() elseif state==""highscores"" then draw_highscores() elseif state==""playing"" then draw_playing() elseif state==""enterinitials"" then draw_enterinitials() elseif state==""waveclear"" then draw_waveclear() elseif state==""upgrade"" then draw_upgrade() elseif state==""bonusintro"" then draw_bonusintro() elseif state==""bonusstage"" then draw_bonusstage() elseif state==""bonusresult"" then draw_bonusresult() elseif state==""gameover"" then draw_gameover() end draw_alert() if hitflash>0 then rectfill(0,0,127,127,8) elseif flash>0 then rectfill(0,0,127,127,7) end camera() end function draw_splash() local t=splash_anim local p if t<20 then p=t/20 elseif t>80 then p=max(0,1-(t-80)/20) else p=1 end local ez=p*p*(3-2*p) if splash_phase==1 then local sz=32*ez sspr(0,32,16,16,64-sz/2,54-sz/2,sz,sz) if ez>0.8 then print(""supernova software"",26,86,7) end else local sz=36*ez sspr(0,48,24,24,64-sz/2,54-sz/2,sz,sz) if ez>0.8 then print(""made with pico-8"",32,86,7) end end end function draw_title() local c1=rcols[(flr(time()*3))%5+1] local c2=rcols[(flr(time()*3+2))%5+1] print(""nova"",44,30,c1) print(""strike"",68,30,c2) dship(ship_frame(ship_sel,1),60,44) print(""ship: ""..ship_name[ship_sel],38,58,6) if (flr(time()*2))%2==0 then print(""press z or x"",40,78,7) end print(""arrows move . z shoot . x bomb"",4,90,6) print(""hi ""..hiscore,50,102,10) print(""supernova software"",26,118,5) end function draw_menu() sspr(0,32,16,16,6,4,14,14) print(""nova strike"",26,8,9) print(""v1.1.4"",98,16,5) line(4,22,123,22,5) for i=1,#menu_items do local y=28+(i-1)*12 local col=(sel==i) and 11 or 6 local pre=(sel==i) and ""> "" or "" "" local lbl=menu_items[i] if i==2 then lbl=(checkpoint_wave>1) and (""continue (st ""..checkpoint_wave.."")"") or ""continue"" elseif i==3 then lbl=""hangar (""..ship_name[ship_sel].."")"" end print(pre..lbl,20,y,col) end line(4,102,123,102,5) if sel==2 then print(""no hiscore save on continue"",4,108,9) else print(""hi ""..hiscore,42,108,10) end end function draw_garage() print(""hangar"",48,8,9) line(20,16,107,16,5) local n=garage_sel local locked=not ship_unlocked(n) dshipspr(n,52,26,24,24) local nm=ship_name[n] if locked then nm=nm.."" (locked)"" end print(nm,64-#nm*2,54,locked and 5 or 10) local spdp=flr((ship_spd[n]-1.0)*23.5) local hdlp=flr((2.7-ship_spd[n])*23.5) print(""speed"",18,68,6) rectfill(50,66,50+spdp,72,11) print(""control"",18,78,6) rectfill(50,76,50+hdlp,82,12) if ship_perk[n]~="""" then print(ship_perk[n],18,88,10) end if locked then local need=ship_unlock_st[n] print(""reach stage ""..need.."" to unlock"",8,96,8) else print(""z/x: equip"",42,96,7) end print(""lt/rt: browse"",30,106,6) if locked_flash>0 and (locked_flash\4)%2==0 then print(""locked!"",46,44,8) end end function draw_options() print(""options"",44,8,9) line(4,16,123,16,5) for i=1,#opt_items do local y=26+(i-1)*14 local col=(sel==i) and 11 or 6 local pre=(sel==i) and ""> "" or "" "" local lbl=opt_items[i] if i==1 then lbl=""music ""..(mask_get(opts,0) and ""off"" or ""on"") elseif i==2 then lbl=""sfx ""..(mask_get(opts,1) and ""off"" or ""on"") end print(pre..lbl,20,y,col) end if confirm_clear then rectfill(8,40,119,86,1) print(""clear all data?\nthis cannot be undone\nz: yes x: cancel"",14,48,8) end end function draw_highscores() print(""high scores"",34,12,9) for i=1,5 do local y=26+(i-1)*14 if hs_score[i]==0 then print(i.."". ---"",30,y,5) else local a=flr(hs_init[i]/676) local b=flr((hs_init[i]%676)/26) local c=hs_init[i]%26 local nm=sub(LETTERS,a+1,a+1)..sub(LETTERS,b+1,b+1)..sub(LETTERS,c+1,c+1) print(i.."". ""..nm.."" ""..hs_score[i],30,y,(i==1) and 10 or 7) end end print(""z/x back"",42,110,6) end function draw_playing() for p in all(powerups) do local s=5 if p.t==""weapon"" then s=5 elseif p.t==""shield"" then s=6 elseif p.t==""bomb"" then s=7 elseif p.t==""reroll"" then s=8 pal(11,12) elseif p.t==""upgrade"" then s=8 pal(11,10) else s=8 end spr(s,p.x-4,p.y-4) pal() end for e in all(enemies) do spr(efr(e.timer,e.etype),e.x-4,e.y-4) end if boss then draw_boss() end for b in all(pbullets) do rectfill(b.x-1,b.y-2,b.x+1,b.y+2,12) end for b in all(ebullets) do circfill(b.x,b.y,1.5,8) end for p in all(particles) do circfill(p.x,p.y,max(0,p.life/10),p.col) end if invtimer<=0 or (invtimer\3)%2==0 then local fr=(flr(time()*8))%2==0 and ship_frame(ship_sel,1) or ship_frame(ship_sel,2) if pmove<0 then fr=ship_frame(ship_sel,3) elseif pmove>0 then fr=ship_frame(ship_sel,4) end dship(fr,px-4,py-4) end if shield>0 then circ(px,py,7,12) end draw_poptexts() draw_hud() end function addscore(n) score_lo+=n while score_lo>=1000 do score_lo-=1000 score_hi+=1 end end function score_capped() if score_hi>=32 then return 32000 end return score_hi*1000+score_lo end function scoretxt() return (score_hi>0) and (score_hi..zpad(score_lo,3)) or (""""..score_lo) end function zpad(n,d) local t=""""..n while #t<d do t=""0""..t end return t end function draw_hud() hudbar() print(""score ""..scoretxt(),2,4,7) if weapon>1 then local w=30*(weapon_timer/450) rectfill(2,11,2+w,12,10) end if boss then rectfill(52,4,100,7,1) local w=46*(boss.hp/boss.maxhp) rectfill(52,4,52+w,7,8) else print(""wave ""..wave,52,4,10) end dshipspr(ship_sel,96,2,6,6) print(lives,104,4,7) spr(7,110,1) print(bombs,120,4,7) if combo>=3 then print(combo..""x combo"",2,110,(combo>=10) and 10 or 11) end end function draw_gameover() local c=((flr(time()*4))%2==0) and 8 or 2 print(""game over"",40,24,c) if end_line>=1 then print(""score ""..scoretxt(),18,46,7) end if end_line>=2 then print(""hi score ""..hiscore,18,56,10) end if end_line>=3 then print(""kills ""..totalkills,18,66,7) end if end_line>=4 then print(""max combo ""..maxcombo,18,76,11) end if run_continued then print(""(continue run: no hiscore)"",6,86,5) end if end_timer>44 and not waitrelease and (flr(time()*2))%2==0 then print(""z/x: menu"",38,106,6) end end function draw_enterinitials() print(""new high score!"",20,20,10) print(scoretxt(),54,32,7) print(""enter your initials"",14,50,6) for i=1,3 do local ch=sub(LETTERS,initials[i]+1,initials[i]+1) local col=(i==initial_pos) and 11 or 7 print(ch,50+(i-1)*10,66,col) end if (flr(time()*4))%2==0 then print(""^"",50+(initial_pos-1)*10,74,11) end print(""up/dn: letter"",26,92,6) print(""z/x: set & next"",22,102,6) end function draw_waveclear() if wc_phase==""tally"" then for p in all(particles) do circfill(p.x,p.y,max(0,p.life/10),p.col) end local c=8+((flr(time()*4))%2) print(""stage ""..(wave-1).."" clear!"",20,36,c) line(28,45,99,45,6) if clear_wasboss then if wc_line>=1 then print(""boss defeated"",30,54,10) end if wc_line>=2 then print(""bonus"",30,64,6) print(""+""..last_boss_bonus,80,64,11) end if wc_line>=3 then print(""score"",30,74,6) print(scoretxt(),80,74,7) end else if wc_line>=1 then print(""kills"",30,54,6) print(clear_kills,80,54,7) end if wc_line>=2 then print(""bonus"",30,64,6) print(""+""..clear_bonus,80,64,11) end if wc_line>=3 then print(""score"",30,74,6) print(scoretxt(),80,74,7) end end else dship(ship_frame(ship_sel,1),px-4,py-4) end end rcols={8,9,10,11,14} bonus_title={""bonus stage!"",""danger zone!"",""gem rush!""} bonus_sub={""shoot em all!"",""dodge the storm!"",""collect them all!""} function draw_bonusintro() local c=rcols[(flr(time()*5))%5+1] local t=bonus_title[bonus_mode] print(t,64-#t*2,50,c) if (flr(time()*4))%2==0 then local s=bonus_sub[bonus_mode] print(s,64-#s*2,64,7) end end function draw_bonusstage() for e in all(bonus_enemies) do if bonus_mode==3 then spr(8,e.x-4,e.y-4) else spr(efr(e.t,e.etype),e.x-4,e.y-4) end end if bonus_mode==1 then for b in all(pbullets) do rectfill(b.x-1,b.y-2,b.x+1,b.y+2,12) end end for p in all(particles) do circfill(p.x,p.y,max(0,p.life/10),p.col) end draw_poptexts() dship(ship_frame(ship_sel,1),px-4,py-4) hudbar() print(""bonus ""..bonus_score,2,4,10) local lbl=(bonus_mode==1) and ""hits "" or (bonus_mode==2) and ""dodged "" or ""gems "" print(lbl..bonus_hits..""/""..bonus_total,80,4,7) end function draw_bonusresult() rectfill(14,34,113,88,1) print(""challenge complete"",18,40,10) local lbl=(bonus_mode==1) and ""hits"" or (bonus_mode==2) and ""dodged"" or ""gems"" print(lbl.."" ""..bonus_hits..""/""..bonus_total,26,54,7) print(""bonus +""..bonus_score,26,64,11) if bonus_perfect then print(""perfect!"",42,76,10) end end __gfx__ 00070000002222000009000003333330552222550000a00000cccc0000099000000b000000070000007000000000700000011000000110000011000000001100 007c700002888820009a90003bbbbb3052666625000aa0000c7777c00098000000b7b000007c700007c700000007c70000111100001111000111100000011110 007c7000288e882009aaa9003b3b3b302668866200aaaa00c777777c011100000b777b00007c700007c700000007c70001111110011111101111110000111111 077c770028eee8209aa4aa903bbbbb30268888620aaaaaa0c777777c15551000b77777b0077c770077c770000077c77011101110111011101101110001110111 767c7670288e882009aaa900030703002668866200a99000c777777c150510000b777b00767c767067c767000767c76711111111111111111111111001111111 7666667002888820009a90000007000052666625009900000c7777c01555100000b7b00076666670666667000766666701199110011aa1101199110000119911 00909000002020000009000000070000552002550990000000c77c0001110000000b000009808900090900000009090000100100001771000100100000010010 008080000000000000909000000000000500005000000000000cc000000000000000000008000800080800000008080000000000000000000000000000000000 00222200000a00000bbbbbb055222255000cc000000cc0000deeeed00d7777d00100001001000010100001000010000100000000000000000000000000000000 02eeee2000a9a000b33333b05277772500cccc0000cccc00deeeeeedd777777d1110011111100111110011100111001100000000000000000000000000000000 2ee8ee200a999a00b3b3b3b0277887720c7777c00c7777c0de6666edd766667d0111111001111110111111000011111100000000000000000000000000000000 2e888e20a99499a0b33333b027888872c778877cc77aa77cde6996edd76aa67d00166100001cc100016610000001661000000000000000000000000000000000 2ee8ee200a999a000b070b0027788772c778877cc77aa77cde6996edd76aa67d0111111001111110111111000011111100000000000000000000000000000000 02eeee2000a9a00000070000527777250c7777c00c7777c0de6666edd766667d1110011111100111110011100111001100000000000000000000000000000000 00202000000a0000000700005520025500cccc0000cccc00deeeeeedd777777d0100001009000090100001000010000100000000000000000000000000000000 0000000000a0a0000000000005000050000cc000000cc0000deeeed00d7777d00000000000000000000000000000000000000000000000000000000000000000 00055555555550000000000000000000000000000000000000000000000000000000000000000000000000000000000000000000000000000000000000000000 00522222222225000000000000000000000000000000000000000000000000000000000000000000000000000000000000000000000000000000000000000000 05226622226622500000011111100000000000077000000000000000000000000000000000000000000000000000000000000000000000000000000000000000 5226886226886225000001111110000009ddddd77ddddd9000000000000000000000000000000000000000000000000000000000000000000000000000000000 52688886688886250001cccccccc10009deeeeeeeeeeeed900000000000000000000000000000000000000000000000000000000000000000000000000000000 52268862268862250001cc7777cc100000eeddddddddee0000000000000000000000000000000000000000000000000000000000000000000000000000000000 522266222266222588c1cc7887cc1c880000dd9999dd000000000000000000000000000000000000000000000000000000000000000000000000000000000000 522222922922222588c1cc7887cc1c880000dd9999dd000000000000000000000000000000000000000000000000000000000000000000000000000000000000 05222999999222500001cc7777cc10000000dd9999dd000000000000000000000000000000000000000000000000000000000000000000000000000000000000 052299aaaa9922500001cccccccc1000000000099000000000000000000000000000000000000000000000000000000000000000000000000000000000000000 00529aaaaaa92500000001cccc100000000000099000000000000000000000000000000000000000000000000000000000000000000000000000000000000000 005229aaaa922500000001c77c10000000000eeeeee0000000000000000000000000000000000000000000000000000000000000000000000000000000000000 0005229999225000000000000000000000000eeeeee0000000000000000000000000000000000000000000000000000000000000000000000000000000000000 00005222222500000000000000000000000000eeee00000000000000000000000000000000000000000000000000000000000000000000000000000000000000 00000552255000000000000000000000000000eeee00000000000000000000000000000000000000000000000000000000000000000000000000000000000000 000000555500000000000000000000000000000ee000000000000000000000000000000000000000000000000000000000000000000000000000000000000000 00000007700000000000000000000000000000000000000000000000000000000000000000000000000000000000000000000000000000000000000000000000 00000077770000000000000000000000000000000000000000000000000000000000000000000000000000000000000000000000000000000000000000000000 00000077770000000000000000000000000000000000000000000000000000000000000000000000000000000000000000000000000000000000000000000000 00000777777000000000000000000000000000000000000000000000000000000000000000000000000000000000000000000000000000000000000000000000 00000777777000000000000000000000000000000000000000000000000000000000000000000000000000000000000000000000000000000000000000000000 000007cccc7000000000000000000000000000000000000000000000000000000000000000000000000000000000000000000000000000000000000000000000 000007c77c7000000000000000000000000000000000000000000000000000000000000000000000000000000000000000000000000000000000000000000000 000007c77c7000000000000000000000000000000000000000000000000000000000000000000000000000000000000000000000000000000000000000000000 000007cccc7000000000000000000000000000000000000000000000000000000000000000000000000000000000000000000000000000000000000000000000 00077777777770000000000000000000000000000000000000000000000000000000000000000000000000000000000000000000000000000000000000000000 00077777777770000000000000000000000000000000000000000000000000000000000000000000000000000000000000000000000000000000000000000000 00777077770777000000000000000000000000000000000000000000000000000000000000000000000000000000000000000000000000000000000000000000 000000cccc0000000000000000000000000000000000000000000000000000000000000000000000000000000000000000000000000000000000000000000000 000000c7cc0000000000000000000000000000000000000000000000000000000000000000000000000000000000000000000000000000000000000000000000 0000000c700000000000000000000000000000000000000000000000000000000000000000000000000000000000000000000000000000000000000000000000 0000000c000000000000000000000000000000000000000000000000000000000000000000000000000000000000000000000000000000000000000000000000 00000000008888000000000000000000000000000000000000000000000000000000000000000000000000000000000000000000000000000000000000000000 00000000008888000000000000000000000000000000000000000000000000000000000000000000000000000000000000000000000000000000000000000000 00000000008888000000000000000000000000000000000000000000000000000000000000000000000000000000000000000000000000000000000000000000 00000000008888000000000000000000000000000000000000000000000000000000000000000000000000000000000000000000000000000000000000000000 00009999997777ffffff000000000000000000000000000000000000000000000000000000000000000000000000000000000000000000000000000000000000 00009999997777ffffff000000000000000000000000000000000000000000000000000000000000000000000000000000000000000000000000000000000000 00009999997777ffffff000000000000000000000000000000000000000000000000000000000000000000000000000000000000000000000000000000000000 00009999997777ffffff000000000000000000000000000000000000000000000000000000000000000000000000000000000000000000000000000000000000 00009999997777ffffff000000000000000000000000000000000000000000000000000000000000000000000000000000000000000000000000000000000000 00009999997777ffffff000000000000000000000000000000000000000000000000000000000000000000000000000000000000000000000000000000000000 aaaa7777777777777777eeee00000000000000000000000000000000000000000000000000000000000000000000000000000000000000000000000000000000 aaaa7777777777777777eeee00000000000000000000000000000000000000000000000000000000000000000000000000000000000000000000000000000000 aaaa7777777777777777eeee00000000000000000000000000000000000000000000000000000000000000000000000000000000000000000000000000000000 aaaa7777777777777777eeee00000000000000000000000000000000000000000000000000000000000000000000000000000000000000000000000000000000 0000bbbbbb7777dddddd000000000000000000000000000000000000000000000000000000000000000000000000000000000000000000000000000000000000 0000bbbbbb7777dddddd000000000000000000000000000000000000000000000000000000000000000000000000000000000000000000000000000000000000 0000bbbbbb7777dddddd000000000000000000000000000000000000000000000000000000000000000000000000000000000000000000000000000000000000 0000bbbbbb7777dddddd000000000000000000000000000000000000000000000000000000000000000000000000000000000000000000000000000000000000 0000bbbbbb7777dddddd000000000000000000000000000000000000000000000000000000000000000000000000000000000000000000000000000000000000 0000bbbbbb7777dddddd000000000000000000000000000000000000000000000000000000000000000000000000000000000000000000000000000000000000 0000000000cccc000000000000000000000000000000000000000000000000000000000000000000000000000000000000000000000000000000000000000000 0000000000cccc000000000000000000000000000000000000000000000000000000000000000000000000000000000000000000000000000000000000000000 0000000000cccc000000000000000000000000000000000000000000000000000000000000000000000000000000000000000000000000000000000000000000 0000000000cccc000000000000000000000000000000000000000000000000000000000000000000000000000000000000000000000000000000000000000000 __sfx__ 000800003424030230000000000000000000000000000000000000000000000000000000000000000000000000000000000000000000000000000000000000000000000000000000000000000000000000000000 00080000202301c230000000000000000000000000000000000000000000000000000000000000000000000000000000000000000000000000000000000000000000000000000000000000000000000000000000 000600001865010640000000000000000000000000000000000000000000000000000000000000000000000000000000000000000000000000000000000000000000000000000000000000000000000000000000 000600001866010660086550000000000000000000000000000000000000000000000000000000000000000000000000000000000000000000000000000000000000000000000000000000000000000000000000 000800000c26008250000000000000000000000000000000000000000000000000000000000000000000000000000000000000000000000000000000000000000000000000000000000000000000000000000000 000600002814030140341400000000000000000000000000000000000000000000000000000000000000000000000000000000000000000000000000000000000000000000000000000000000000000000000000 00080000281502c150301503415500000000000000000000000000000000000000000000000000000000000000000000000000000000000000000000000000000000000000000000000000000000000000000000 000a00002c350183502c3501835000000000000000000000000000000000000000000000000000000000000000000000000000000000000000000000000000000000000000000000000000000000000000000000 000e00002c15028150241501c15500000000000000000000000000000000000000000000000000000000000000000000000000000000000000000000000000000000000000000000000000000000000000000000 0008000024050280502c0503005034050380650000000000000000000000000000000000000000000000000000000000000000000000000000000000000000000000000000000000000000000000000000000000 000600002834030340000000000000000000000000000000000000000000000000000000000000000000000000000000000000000000000000000000000000000000000000000000000000000000000000000000 001000001c1301c130211301c13023130211301f1301c1301c1301c130211301c13023130211301f1301c1301c1301c130211301c13023130211301f1301c1301c1301c130211301c13023130211301f1301c130 0010000028030000000000000000000000000000000000002b030000000000000000000000000000000000002d030000000000000000000000000000000000002803000000000000000000000000000000000000 00100000181401b140181401d1401a140181401b14016140181401b140181401d1401a140181401b14016140181401b140181401d1401a140181401b14016140181401b140181401d1401a140181401b14016140 001000000000000000270300000000000000002403000000000000000029030000000000000000250300000000000000002703000000000000000022030000000000000000240300000000000000002003000000 000800001464014640176401464014640146401764014640146401464017640146401464014640176401464014640146401764014640146401464017640146401464014640176401464014640146401764014640 000800002c250282502c250302502c250282502c250302502c250282502c250302502c250282502c250302502c250282502c250302502c250282502c250302502c250282502c250302502c250282502c25030250 000a000024140281402b1402f15024140281402b1402f15024140281402b1402f15024140281402b1402f15024140281402b1402f15024140281402b1402f15024140281402b1402f15024140281402b1402f150 000a00003005034050370503c0653005034050370503c0653005034050370503c0653005034050370503c0653005034050370503c0653005034050370503c0653005034050370503c0653005034050370503c065 001000001b020000002703000000180200000024030000001d020000002903000000190200000025030000001b020000002703000000160200000022030000001802000000240300000014020000002003000000 001000000466000000326200000018650000003262000000046600000032620000001865000000326200000004660000003262000000186500000032620000000466000000326200000018650000003262000000 000800000466000000326200000018650000003262000000046600000032620000001865000000326200000004660000003262000000186500000032620000000466000000326200000018650000003262000000 001000002e620000000000000000000000000000000000002e620000000000000000000000000000000000002e620000000000000000000000000000000000002e62000000000000000000000000000000000000 __music__ 03 0b0c1640 01 0d0e1440 02 0d131440 03 0f101540 Nova","Supernova3339: Found an issue that throws an error after wave 15, will fix later as it's 3AM and I just wanted to get this out so I can go sleep. || JamesWoodwright: For the latest version, you got rid of the label art. || Supernova3339: oh whoops, I'll fix that, sorry! Forgot to add back... || Supernova3339: Sorted it all out in v1.1.1!",https://www.lexaloffle.com/bbs/?tid=159084
Nim,Alkhan,https://www.lexaloffle.com/bbs/preview/pico8_nimalkhan-1.png,nimalkhan-1,CC4-BY-NC-SA (https://creativecommons.org/licenses/by-nc-sa/4.0/),4,Ancient strategy game of taking objects from rows.,"LevyGames: Great job on this, my wife and I had fun trying it out on my anbernic! If you’re able to add a two player versus mode that would be really cool. || Alkhan: So glad you both had fun with it! I’ve added a two-player versus mode, so you can give it a try now. Would love to hear any feedback on this one or any of my other games! || LevyGames: I just scrolled through your posted games and I’ve tried all of them lol. I regularly scroll through the newly posted games on splore. You’ve got some great work! || Alkhan: Thank you, that really means a lot! I checked out your games too and really enjoyed them. Glad we came across each other’s work :)",https://www.lexaloffle.com/bbs/?tid=159079
Frog Click Rouge,Team_Metroit,https://www.lexaloffle.com/bbs/preview/pico8_frogclickrouge-0.png,frogclickrouge-0,No License,2,HI new update to my game,,https://www.lexaloffle.com/bbs/?tid=159077
Palace 2.0,rozaporx,https://www.lexaloffle.com/bbs/preview/pico8_rozaporx-1.png,rozaporx-1,No License,2,"Setup & Table Layout  Face-Down Palace: Deal 3 cards face-down in a row in front of each player. These remain secret until the end of the game.  Face-Up Palace: Deal 3 cards face-up, directly on top of each face-down card.  In-Hand Cards: Deal 6 cards face-down to each player to form their initial hand.  Draw Pile: Place the remaining deck face-down in the center of the table. Leave space next to it for the discard pile.  The Swap Phase: Before play begins, each player may swap cards between their 6 hand cards and their 3 face-up Palace cards. Use this phase to put your strongest cards (e.g., 2s, 10s, Aces) into your face-up Palace. LAYOUT TIP: Your Palace consists of 3 hidden face-down cards with 3 visible face-up cards resting on top of them. You cannot play these until the central draw pile is exhausted and your hand is completely empty. Special & Power Cards Power cards break standard rank progression and give tactical advantages: Card Role Special Effect & Rules 2 Reset Card Resets the play pile value to zero. Can be played on TOP of any card, and ANY card can be played on top of a 2. 10 Burn Card Immediately clears (burns) the entire discard pile from the game. The player takes an immediate extra turn. 4-of-a-Kind Automatic Burn Playing four cards of the same rank consecutively (or stacking 4 at once) instantly burns the pile and grants an extra turn. Gameplay Loop • Playing Cards: On your turn, play a card that is equal to or higher in rank than the top card on the discard pile. You may play multiple cards of the same rank together (e.g., two 8s or three 5s). • Drawing Cards: As long as cards remain in the central draw pile, you must always maintain at least 3 cards in your hand. Draw back up to 3 immediately after completing your play. • Picking Up the Pile: If you cannot play a valid card (or choose not to), you must pick up the ENTIRE discard pile and add it to your hand. Your turn then ends. Transitioning to the Palace & Winning Once the central draw pile is completely exhausted and your hand is empty, you access your Palace: Step 1 — Play Face-Up Cards: Play from your 3 face-up cards using standard rules. You can play matching multiples if you have them. Step 2 — Play Blind Face-Down Cards: Once all face-up cards are gone, flip your face-down cards one at a time on your turn without looking beforehand. Success vs. Penalty: If the flipped card is a valid play, it stays in the pile and your turn ends. If it is invalid, you MUST pick up the entire discard pile along with that card. You must then clear your hand again before returning to your remaining hidden Palace cards. VICTORY: The first player to successfully clear all hand cards, face-up cards, and blind face-down cards wins the game!",,https://www.lexaloffle.com/bbs/?tid=159076
Draughts,Alkhan,https://www.lexaloffle.com/bbs/preview/pico8_draughtsalkhan-4.png,draughtsalkhan-4,CC4-BY-NC-SA (https://creativecommons.org/licenses/by-nc-sa/4.0/),5,"A classic game of English draughts, also known as American checkers — simple to learn, but built around surprisingly deep strategy.",,https://www.lexaloffle.com/bbs/?tid=159069
D&D Fifth Edition Armor Piece Calculator,sirdoodle16,https://www.lexaloffle.com/bbs/preview/pico8_dndsplitac-0.png,dndsplitac-0,No License,1,"This is a simple calculator for a rule to have armor sets split into 3 different slots for D&D Fifth Edition. Extra rules are as follows, as well as the formula used below. STR requirements to wear armors still apply, with the required number being decreased by 1 for each missing piece of armor from the full set. Extra features such as stealth disadvantage or adding DEX bonus only apply if 2 out of your 3 armor slots have armors that use that feature. If you are wearing one piece of armor with an uncapped DEX bonus, and one with DEX bonus capped at +2, your DEX bonus will be capped at +2. Armor that is enchanted to be +1/+2/+3 can vary in where it is enchanted. If an entire set is enchanted, then the bonus from the enchantment is applied only to the Set Bonus category, and does not happen without wearing the full armor set. If a specific piece of armor is enchanted however, the bonus only applies when wearing that specific piece of armor. When wearing multiple pieces of enchanted armor from different sets, only the higher bonus applies, with the other being nullified. If two pieces of enchanted armor are from the same set, the bonuses stack. The formula explained: In order to calculate how much AC each individual piece grants, you must first determine an armor's AC “score”. The score can be found by taking the base AC of the armor, and subtracting 10 from it. The score does not include extra bonuses such as DEX modifier for leather armor, or the +1/+2/+3 from enchanted armor. Once you have the armor’s score, you must then divide that up into 4 different categories, each representing one of the armor pieces, with the fourth representing the bonus for wearing the entire set. The order of the categories always follows Set Bonus -> Torso -> Legs -> Head. To distribute these points, you place 1 point in the first category, then move onto the next, looping back to the first category when you hit the last one. Once an armor set runs out of points, no more points should be placed into any categories. Each point in a category counts as +1 AC for wearing that piece of armor, while the set bonus is only applied when wearing the full set of armor. The final AC calculation adds the bonuses to your base AC of 10. DEX modifiers that are applicable to certain armors are still applied once to the final AC. Examples of this formula can be found at the end of this section.",,https://www.lexaloffle.com/bbs/?tid=159068
PATCH-MON,shulgee,https://www.lexaloffle.com/bbs/preview/pico8_sefepazajo-3.png,sefepazajo-3,CC4-BY-NC-SA (https://creativecommons.org/licenses/by-nc-sa/4.0/),2,,,https://www.lexaloffle.com/bbs/?tid=159062
earthmoon,pixel_from_earth,https://www.lexaloffle.com/bbs/preview/pico8_earthmoon092-0.png,earthmoon092-0,CC4-BY-NC-SA (https://creativecommons.org/licenses/by-nc-sa/4.0/),7,"The Game Turn-based science fiction game. Build space ships to explore Mercury, Mars, and other worlds to gather data about their resources. Your research facility develops new spacecraft to colonize these worlds. Dispatch vessels to asteroids to collect small amounts of resources, and expand by building stations on explored worlds until you reach the farthest edges of our solar system. Controls Use the arrow keys to move the green cursor and press X to select options. For the date icon: Press to advance one turn, or hold to speed up - though the game will pause automatically if an event occurs. Use the first icon to return to The Moon base. The second icon lets you switch to bases on other worlds - if you’ve built any. I’m not sure how much of the game to explain - some players might prefer to discover things on their own. But if you’d like more hints, I will add them here. Development Inspired by old Amiga classics like Millennium 2.2 and Deuteros, I programmed until PICO-8 memory ran out. The game now includes planets and moons, stations and spaceships, and even a short intro and an ending sequence. Due to memory contraints, missions are limited and straightforward - no enemies or combat here. Balancing was tricky, and creating music, sound effects, and pixel art was new to me. Even so, experimenting with PICO-8 is a lot of fun, and I’m still working on improvements. Version History 0.9.2 - solved bug: wrong resource index when mars was colonized before mercury; removed the ""game"" menu topic 0.9.1 - in the 'Production' menu, an ongoing production can no longer be canceled by selecting another product (which previously resulted in resource loss) 0.9 - first upload","Zellente: What a nice game, I got Mars colonized but hit ""quit"" on this game menue by accident :'(, then the game stoped. I miss some kind of production que, lost some resources of a shuttle by starting a new production of a probe before the shuttle was ready. Most of the menue is selfexplaining, but I played to day 127 when i found out you can swith the research category. I will try to colonize every possible Planet and add my impressions later. edit * Now that I've explored all the planets, here are a few comments. The menu is pretty self-explanatory, but I don’t understand the order of research. I researched and colonized Mars, then explored all the planets in order starting from Mars and working down the list, and only then did I explore Earth, Venus, and Mercury—but the next colonization research didn’t become available until after I’d explored Mercury, and from then on I was able to colonize the remaining planets as well. There’s no apparent reason for this at this stage of the game. Every colony ship costs the same types of resources. In the end, I lost track of things a bit, and I’m glad I didn’t build more than one type of spaceship at a time, because it’s easy to lose track of which ship is flying where—even though it’s clearly visible in the ship overview. But for people like me with the short-term memory of a fly, there are problems when landing and selecting the right ship. Landing and unloading the resource collectors was a bit monotonous and repetitive. || pixel_from_earth: Many thanks for the feedback! The idea is actually to colonize the worlds starting from Mercury and moving outward, but the game doesn’t provide any hints for this. The production interface definitely needs improvement, as a wrong selection can waste resources. Having too many ships makes it harder to keep track. So I’m considering allowing only one of each ship type, since one of each is enough for the missions. This might also free up some PICO-8 memory for more missions. Thanks again for testing the game, Zellente. I’ve got a few tasks to work on now! || Cowirrie: Finished in 634 days. If someone learnt the resource bottlenecks they could get there a lot faster. It's a fun round of making numbers go up. I did accidentally waste some resources when I pressed ""x"" in the Production menu, changing to the thing I was already building but throwing the resources away each time. Maybe just don't allow changing production once it has started. Also thank you for mentioning the gave Millennium 2.2 / Millennium: Return to Earth . I remember reading about it in a magazine review that sounded like it had some interesting task challenges, but I could never remember the game's title. Now I know. While I never played that game, I did play Alien Legacy , which made earthmoon feel familiar. @Zellente : Using the coolant: || pixel_from_earth: Thanks for the feedback, @Cowirrie . I’ve noted the cumbersome selection menu for 'Production' as my top priority for improvement. As a teenager, I played Millennium 2.2 and its successor Deuteros very often. Millennium 2.2 fascinated me back then because it took place on real worlds within our solar system. || pixel_from_earth: Updated to v0.9.1 – Fixed resource loss in Production menu.",https://www.lexaloffle.com/bbs/?tid=159059
PICO-RAMBLE,shulgee,https://www.lexaloffle.com/bbs/preview/pico8_picoramble-0.png,picoramble-0,CC4-BY-NC-SA (https://creativecommons.org/licenses/by-nc-sa/4.0/),8,,"Mizunen: That is so awesome. I love the design of the spaceship. || Minion: Will you be adding things like score and lives at some point ? Maybe a game over screen too, it just seems to go on forever and ever with no end.",https://www.lexaloffle.com/bbs/?tid=159058
Chess,Alkhan,https://www.lexaloffle.com/bbs/preview/pico8_chessalkhan-0.png,chessalkhan-0,CC4-BY-NC-SA (https://creativecommons.org/licenses/by-nc-sa/4.0/),4,Chess — one of the oldest and greatest games ever created.,,https://www.lexaloffle.com/bbs/?tid=159056
7-Eleven Rush,bredslicer,https://www.lexaloffle.com/bbs/preview/pico8_seven_eleven_rush-0.png,seven_eleven_rush-0,No License,6,"A game inspired by various 7-elevens across Asia. CONTROLS To move the cart, use the LEFT and RIGHT Arrow Keys. To dash (once unlocked), press X. RULES Get the highest score you can by collecting as many soda cans as possible. Once the cart is full (10 sodas out of 10), you must check out at the cash register on the right side of the screen. You have 4 total misses allowed before the game is over. Game created by Cliff",,https://www.lexaloffle.com/bbs/?tid=159049
The Great Historical Regatta,barnabewild,https://www.lexaloffle.com/bbs/preview/pico8_sunomata-0.png,sunomata-0,No License,2,"historical boat racers, but history didn't fit in 1024 bytes. for the 1kb PICO-1K Jam 2026! You the player, aboard the Wayfarer. Hideyoshi Toyotomi, aboard the Sunomata. Why does Hideyoshi have a speedboat? Don't worry about it. Keyboard controls: Left / Right — Steer Up — Accelerate X — Boost. Be careful, you only have one! itch project page: https://barnabe-wild.itch.io/the-great-historical-regatta",,https://www.lexaloffle.com/bbs/?tid=159047
Shark escape,Lair_of_Mice,https://www.lexaloffle.com/bbs/preview/pico8_shhhark-2.png,shhhark-2,CC4-BY-NC-SA (https://creativecommons.org/licenses/by-nc-sa/4.0/),3,,,https://www.lexaloffle.com/bbs/?tid=159043
Tic Tac Toe,Alkhan,https://www.lexaloffle.com/bbs/preview/pico8_tictactoealkhan-2.png,tictactoealkhan-2,CC4-BY-NC-SA (https://creativecommons.org/licenses/by-nc-sa/4.0/),3,"A simple game of Tic-Tac-Toe made as a small tribute to Bertie the Brain, one of the earliest known video games.",DRStudio2010: I love Tic-Tac-Toe! :D || Alkhan: Thanks for the comment! Really glad you enjoyed it :),https://www.lexaloffle.com/bbs/?tid=159029
picosaurrunner,gogbone,https://www.lexaloffle.com/bbs/preview/pico8_picosaurrunner-0.png,picosaurrunner-0,CC4-BY-NC-SA (https://creativecommons.org/licenses/by-nc-sa/4.0/),3,second game! even though I'm a firefox truther I thought it would be good to remake the chrome dinosaur game just for learning :) I'm really happy with the sprites I did for this!,,https://www.lexaloffle.com/bbs/?tid=159027
PONG,Alkhan,https://www.lexaloffle.com/bbs/preview/pico8_pongalkhan-0.png,pongalkhan-0,CC4-BY-NC-SA (https://creativecommons.org/licenses/by-nc-sa/4.0/),4,"I recreated Pong, but decided to add a bit more color and juice to the original formula.",,https://www.lexaloffle.com/bbs/?tid=159015
4most crewm8,pytonvrazditel,https://www.lexaloffle.com/bbs/preview/pico8_mostcrewm-0.png,mostcrewm-0,CC4-BY-NC-SA (https://creativecommons.org/licenses/by-nc-sa/4.0/),1,,,https://www.lexaloffle.com/bbs/?tid=159012
breakout_pico,rainbow_tv,https://www.lexaloffle.com/bbs/preview/pico8_breakout_pico-1.png,breakout_pico-1,CC4-BY-NC-SA (https://creativecommons.org/licenses/by-nc-sa/4.0/),1,breakout_pico by rainbow_tv Cart #breakout_pico-0 | 2026-09-01 | Code ▽ | Embed ▽ | License: CC4-BY-NC-SA 1 my new game whit no demons :D,rainbow_tv: kkk whit no demons real,https://www.lexaloffle.com/bbs/?tid=159010
Ifrinn: Tournament Of Agony,mattrap623,https://www.lexaloffle.com/bbs/preview/pico8_iftoag3-2.png,iftoag3-2,No License,1,"This is a small(ish) game I made to test the flow and function of a bigger game I have planned; ""Ifrinn"". The bigger version won't be made in Pico-8 though, I just happened to start messing with the engine when I had the idea to make this smaller version. If you enjoyed this, keep an eye out on Steam for when the full version of ""Ifrinn"" comes, it's gonna be BIGGER and BETTER than this one! (Twice the dice, twice the FUN!) Also, if you're feeling generous, feel free to support this game on Itch.io! You'll get a downloadable copy of this game and its soundtrack, AND the proceeds will go towards the development of the full game! (You don't have to pay to get the download if you don't want to, though) Going forward I'll probably use Pico-8 to prototype my game ideas, so follow me if you'd like to see more of that! Anyway, I hope you all enjoy this one! Special thanks to my playtesters: Ren McGreevy Leroy! Rhozetta (Everything else was done by me)","mattrap623: If anyone plays and beats the game, feel free to post a screenshot with your stats! :) || joem: I played this a little bit and it's kind of neat. Reminds me of Farkle but with only 3 dice. But there were a few things that felt like they needed some work, if you're trying to get people interested in the forthcoming steam version... I'm unclear why you would ever keep rolling if you rolled 3 scoring dice. It doesn't look like there's any benefit to it. For instance, if I rolled a 1,2,3 and put them in the bowl for a sequence for 750, I could keep rolling without banking them to increase the score but risk busting, or I could bank them and then keep rolling safely. It feels like you're missing something. Are you supposed to be turn-limited? Or are there supposed to be alternating turns with an AI opponent? Or is there supposed to be some bonus gained if you keep rolling instead of banking right away? This was my main issue with this, since it seemed the strategy (at least in the first few levels) was just ""always bank any scorable dice"". If all you could bank was a 1 or a 5, then do it so that you'll be rolling 3 dice again sooner and can hope for a 3-die combo. After 2 levels of doing that, I got bored and decided to do the tutorial to see if I missed anything (I didn't, as far as I can tell). I initially skipped the tutorial since I just wanted to play and see what it was like since you didn't post any screenshots/gifs, and I found myself unable to go to the tutorial after playing a couple later levels. So I had to reset the cart and lose my progress just to do the tutorial at that point. I felt like the animations took too long. During the animation from the menu to the game, I just wanted to get to the game, but pressing a button didn't make it go faster. During the text parts, I wanted to press a button so that the text would appear all at once instead of letter by letter, but that didn't work either. If the animations went faster (maybe twice as fast, at least?) then I probably wouldn't want to skip them. But as it is, not being able to skip them was kind of annoying. I'm sure part of it was because I was just trying to test out the game and get a quick feel for it, instead of sitting down ready to invest time for it to play out, but I think it's a good idea to figure that some percentage of people will want to just get to the action as quickly as possible like I did today.",https://www.lexaloffle.com/bbs/?tid=159007
basic3drenderer2,Jabz,https://www.lexaloffle.com/bbs/preview/pico8_basic3drenderer2-2.png,basic3drenderer2-2,No License,12,"This project has mainly been to learn more about 3D rendering and for fun. Feel free to critique or mess with the code if you want. Controls: First person camera: (←)/(→) moves camera side to side (↑)/(↓) moves camera backwards and forwards Mouse input for camera direction e.g. pitch,yaw Render Settings: 'x' turns ground shadown casting on/off 'c' turns obj-to-obj occlusion on/off 'm' turns 'wireframe' on/off",,https://www.lexaloffle.com/bbs/?tid=159002
Hop Climber,illugion,https://www.lexaloffle.com/bbs/preview/pico8_hop_climber-0.png,hop_climber-0,No License,9,"Hop Climber Tiny arcade experience: hop up to the top while racking points! Longer hops = higher scores PC Controls: Z - Quick tap to Hop (don't hold!) X - Back Arrows - Move Tips: While holding Z you can't grab walls, so do quick taps! Don't be afraid of falling, climb to the very edge before jumping. You only let go of the wall when you press Z. For higher scores, try dropping from a high altitude. Hold Z to pass through walls!",,https://www.lexaloffle.com/bbs/?tid=158999
TetriSuika,bontempi,https://www.lexaloffle.com/bbs/preview/pico8_fyusisnu-0.png,fyusisnu-0,No License,5,"Hi ! This is my first game ever : a cross between Tetris and Suika Game ! Merge two blocks of the same color to create a new one. Merge two green blocks to make them disappear ! It's still in development, so feedback is welcome. The music is just a basic loop, don't bother with it yet. If you're not familiar with Suika Game, you can play it here : https://www.lexaloffle.com/bbs/?pid=136042#p","Humanoidian: cool game, but i would prefer if both z and x did rotation so that maneuvering blocks was easier || bontempi: Thanks for your feedback. The game has been vastly updated to further match Suika Game and now you no longer need to rotate the blocks as they're all rounds. This was necessary to add the gravity aspect of the game. || bontempi: Update : i'm figuring out how to make this game more interesting. I've been trying toooons of versions. The next one might be quite different and closer to tetris. Stay tuned !",https://www.lexaloffle.com/bbs/?tid=158995
You Brought a Gun to a Laser Fight,dredds,https://www.lexaloffle.com/bbs/preview/pico8_gun_to_a_laser_fight-1.png,gun_to_a_laser_fight-1,No License,9,"A fast paced, 1980s-style ""laser-hell"" shmup. This was written for lowrezJAM, and so uses 64x64 pixel resolution. Detailed instructions (including a printable instruction booklet) on the game's itch.io page: https://dredds.itch.io/you-brought-a-gun-to-a-laser-fight Title music by ridgek https://ridgek.itch.io/20th-century-ops .","Cowirrie: Some interesting moments where you get pushed into a corner by the beams, sometimes to escape, sometimes not. I like the crunchy sound effects and music too. For anyone finding their game state unplayable, || dredds: Great score! Well played. || Aetherpixel: It looks fun in the later stages, but the player controls and hitboxes are abysmal. I just can't get there. The outline seems to not be a part of the hitboxes, which is just annoying. The player movement is hard to control. It's one of literally two mechanics in this game, ye gotta make it right. If you added velocity based movement, it'd be way easier to control the player and laser placement.",https://www.lexaloffle.com/bbs/?tid=158993
Eye for an eye!,Alexander_fa,https://www.lexaloffle.com/bbs/preview/pico8_eyeforaneye-0.png,eyeforaneye-0,CC4-BY-NC-SA (https://creativecommons.org/licenses/by-nc-sa/4.0/),8,"Eye for an eye! Your goal is to shoot the eyes falling from above, while upgrading your cannon! Controls: Shoot = X Angle = Arrow keys",,https://www.lexaloffle.com/bbs/?tid=158984
The mysterious maze,Mochi890,https://www.lexaloffle.com/bbs/preview/pico8_pusudidate-1.png,pusudidate-1,No License,1,,,https://www.lexaloffle.com/bbs/?tid=158982
Kitchen Matchen 3 [Match3 Puzzle],shiftalow,https://www.lexaloffle.com/bbs/preview/pico8_kitchenmatchen3_1-5.png,kitchenmatchen3_1-5,No License,18,"English Features ★ A cooking puzzle game featuring cute chefs! ★ Control the cooking chopsticks to line up and match three identical blocks! ★ Matched blocks turn into cooking ingredients—try to make as many matches as you can! ★ Once the cooking time is up, the dish is complete! It’s a surprise to see what you’ll make! 🎁 Controls (PC/Mouse) Left-click: Confirm, select, etc. Left-drag: Scroll screen, slide blocks, activate ✨️Special Move Block✨️(ワザブロック), etc. Left double-click: Activate ✨️Special Move Block✨️(ワザブロック) F1 Key: Screenshot F3 Key: Start GIF capture F4 Key: Export GIF capture Right-click: ? Middle-drag: ? ◯ button: ? ✕ button: ? This game is playable on smartphones, though you may not be able to view descriptions that appear on mouse-over. In that case, please enjoy the game in ⏹️full-screen mode. It's all in Japanese, so if you want to know the meaning of any words in the game, please let us know.🙏 Story Oh my...! It looks like there isn't a single dish in this world yet. Well then, let us whip up something special for you! Wait a minute... it looks like I forgot my recipe notebook... 💦 Maybe playing the puzzle will help me remember! Menu Puzzle[パズル] Start a match-3 puzzle! Completing the puzzle finishes the dish. Your dishes are recorded in the recipe notebook. Recipes[レシピ] View recipes for the dishes you've completed. For incomplete recipes, you can see a small hint about the ingredients. Records[きろく] Check your game history. To start over from the beginning, use the scissors at the bottom to cut the order slip. Cooking Puzzle[りょうりパズル] Play a timed puzzle featuring ingredient blocks. Match 3 blocks to clear them; matching 4 or 5 blocks creates a ✨️Special Move Block✨️(ワザブロック) . Activate a ✨️Special Move Block✨️(ワザブロック) by double-clicking or sliding it. Prep Puzzle (Try the Cooking Puzzle first!)[しこみパズル] Play a puzzle featuring prep blocks. Unlike the Cooking Puzzle, this is a match puzzle with a 25-move limit. Match blocks next to a ✨️Basket Block✨️ to complete the prep step (increment the count). ★Earn items based on how much prep you complete! These items help you pull off spectacular culinary feats in the Cooking Puzzle. Special moves https://bitchunk.itch.io/kitchenmatchen3/devlog/1657595/kitchenmatchen3-translatewaza Items (Try the Prep Puzzle first!) Solemn Flow: Extends the time limit. Mirror Image: Increases the number of ✨️Special Move Block✨️(ワザブロック) that appear. Water-Skipping Stance: Makes falling blocks drop faster. Seasoning Blend: Increases your score. Cloudless Shine: Makes blocks slide faster. Max Heat: Raises the cap on score bonuses for setup chains (combos). (Default limit is 10 steps). Choice Ingredients: Reduces the variety of ingredients, making it easier to make matches. Flower for the Heart: Extends the window for maintaining consecutive setups, making combos easier. There are even more item effects! Recipe Note (Cooking Encyclopedia) View your completed dishes. Select a dish to view it in the 3D preview screen. Unfinished dishes have their names blacked out with ""?"" marks. Only a single ingredient is displayed. Records(Here is the translation) プレイかいすう: Number of plays さいこうとくてん: Highest score そうかくとくてんすう: Total score さいこう仕込み段すう: Highest combo count そう仕込みブロック: Total match blocks ワザのハツドウすう: Skill block activations しゅうとくレシピすう: Recipes collected できたてりょうり: Dishes prepared ラッキーりょうり: Lucky dishes Season(Seasonal Ingredients) https://bitchunk.itch.io/kitchenmatchen3/devlog/1654977/kitchenmatchen3-translateseason Time Limit They have a limited amount of time to stay in this world. In four years, they will set off on a journey to serve their cuisine in yet another world. Update History 2026-08-31: v1.0pre (Pre-release version) 2026-09-04: v1.1pre (Fixed a mismatch between move-related notifications and feature unlocks) Closing Thank you for reading this far! You can view development logs on FANBOX. Please take a look if you're interested. https://bitchunk.fanbox.cc/ 日本語 特徴 ★かわいい料理人のたちの料理パズル！ ★「さいばし」を操作して同じブロックを３つ揃えてマッチ！ ★マッチしたブロックは料理の食材になるよ！頑張ってたくさんマッチさせよう！ ★料理時間が終わると、料理が完成！なにができるかはお楽しみ🎁 操作方法（PC・マウス） 左クリック：決定・選択など 左ドラッグ：画面スクロール、ブロックのスライド、ワザブロックの発動など 左ダブルクリック：ワザブロックの発動 F1キー：スクリーンショット F3キー：GIFキャプチャ 開始 F4キー：GIFキャプチャ 書き出し 右クリック：？ 中ドラッグ：？ ◯ボタン: ? ✕ボタン: ? スマートフォンでも可能ですがマウスオーバーによる説明が見れなかったりします。その際は⏹️フルスクリーンでお楽しみください。 おはなし おっと…！ この世界では、まだ料理が一つもないじゃないか。 じゃあ私たちがとっておきの料理を振る舞ってあげましょう！ ちょっと待って？ レシピノートを忘れてきちゃったみたい…💦 とりあえずパズルをすれば思い出せるかな！？ メニュー パズル マッチ3パズルが始まります！ パズルを終えると料理ができます。 料理はレシピノートに記録されます。 レシピ 完成した料理のレシピが確認できます。 未完成のレシピはちょっとだけ食材のヒントを見れます。 きろく いままでのゲームの記録を確認できます。 最初からやり直すには一番下のハサミで伝票をカットしてください。 りょうりパズル 食材ブロックが並んだ時間制限パズルをプレイします。 同じブロックを3つ並べる以外に、4つ、5つでマッチしたときは ✨️ワザブロック✨️ が出現します。 ✨️ワザブロック✨️ はダブルクリックかスライドさせて発動します。 しこみパズル（まずはりょうりパズルをしよう） しこみブロックが並んだパズルをプレイします。 りょうりパズルと違い、25回制限のマッチのパズルをします。 ✨️カゴブロック✨️ の隣でブロックをマッチさせると仕込みが完了（カウント）します。 ★仕込みが完了した分だけアイテムが獲得できます！ アイテムはりょうりパズルを華麗な料理さばきに変えます。 ワザについて https://blog.bitchunk.net/kitchenmatchen3/blocks/waza/ アイテム（まずはしこみパズルをしよう） しゅくたるながれ：時間制限を延長します。 うつしかがみ： ✨️ワザブロック✨️ の出現数を増やします。 みずきりのかまえ：落ちてくるブロックが早くなります。 やくみちょうごう：得点がUPします。 くもりなきかがやき：ブロックのスライドが早くなります。 さいこうかりょく：仕込み段数（コンボ）したときのスコアアップする上限が解放されます。(初期値は10段仕込み) げんせんそざい：食材の種類を減らしてマッチしやすくします。 こころにそえるはな：連続仕込み継続時間を延長して、コンボしやすくします。 アイテムの効果はこれだけじゃないよ！ レシピノート（料理図鑑） 完成した料理を確認します。 料理を選択すると3Dプレビュー画面になります。 未完成の料理は名前が?で黒塗りになっています。食材は一つだけ表示されます。 季節（旬の食材） https://blog.bitchunk.net/kitchenmatchen3/menu/season/ 期限 彼らはこの世界に留まっていられる時間が限られています。 4年後には別の世界で、また自分たちの料理を振る舞う旅に出ます。 更新履歴 2026-08-31: v1.0pre プレリリース版 2026-09-04: v1.1pre ワザ関連の通知と機能解放の不一致を解消 最後に ここまで読んでくれてありがとうございます！ FANBOXで開発ログが見れたりします。興味が湧いたら見てください。 https://bitchunk.fanbox.cc/ 制作：bitchunk(shiftalow) ささやかな協力：KOUくん","XGRDN: This is a lovely game. I know I might be asking too much, but will the game receive a ENG translation? Thank you in advance. || mabbees: This is excellent! I especially love the bunny chef character. || shiftalow: @XGRDN Thank you! Since the design relies heavily on Japanese, translating it into English might be quite difficult. That said, I’d be happy to answer any questions you have about parts that aren't clear in Japanese. @mabbees I'm glad you like the game's characters! Because they are quite large, I gave careful thought to their positioning and animations to ensure they wouldn't distract from the gameplay (though that is just my personal take!). || Verb: Awesome game! The gameplay is quite addicting, and discovering all the recipes seems like a fun challenge. || shiftalow: @Verb Thank you for enjoying the game! We included the ""doodle"" feature after the dish is finished as an experiment, allowing players to capture and share their feelings or thoughts from that moment.",https://www.lexaloffle.com/bbs/?tid=158979
rainbow_edwin,Lyrdl,https://www.lexaloffle.com/bbs/preview/pico8_rainbow_edwin-15.png,rainbow_edwin-15,CC4-BY-NC-SA (https://creativecommons.org/licenses/by-nc-sa/4.0/),2,"Pick a picture, paint it in. Press X to dash.",DRStudio2010: Rainbow Edwin is cool,https://www.lexaloffle.com/bbs/?tid=158978
Missile in a Mineshaft,LoveDan,https://www.lexaloffle.com/bbs/preview/pico8_missile_in_a_mineshaft-1.png,missile_in_a_mineshaft-1,CC4-BY-NC-SA (https://creativecommons.org/licenses/by-nc-sa/4.0/),25,No Gen AI used.,"Minion: I have written cave runner games for the BBC Micro, the ZX81, the ZX-Spectrum and a few more back in the early 80's, and not once did I think to add options such as these to improve the game. This takes a mundane simple game and gives it longevity and fun. I love it. I only wish it would save your progress. Also a transition between rock types would be nice (dithering between the 2 colours perhaps). Other than that, splendid game :) || Piginapoke: love the concept, unique and challenging. the choice of powerups work really well and no two games are the same. nice one. || freds72: excellent take on a old concept can you save - I sure am not I want to play 2 hours straight to reach higher levels. || JamesWoodwright: i agree with @freds72 - I feel this game would be better with saving so we can collect resources for the heck of it. || 1Sergey: Very very hard",https://www.lexaloffle.com/bbs/?tid=158977
FlappyPico,filipeversehgi,https://www.lexaloffle.com/bbs/preview/pico8_yatubikede-0.png,yatubikede-0,No License,2,"This is my first Pico8 game that I did by myself, without following any tutorials!",,https://www.lexaloffle.com/bbs/?tid=158971
mandelbrot_v2,Jenques,https://www.lexaloffle.com/bbs/preview/pico8_mandelbrot_v2-5.png,mandelbrot_v2-5,CC4-BY-NC-SA (https://creativecommons.org/licenses/by-nc-sa/4.0/),4,"The Mandelbrot set This is a plot of the number of recursions it takes for a point (on a complex plane) to either form a cycle or fly off to infinity. Pico-8 has a limit on the precision of numbers so you can only zoom in so much. Technically speaking though there is an infinite amount to explore. Controls: Use your arrows to pan around and circle and cross to zoom. Colour Palette: To change the colour palette, open the pause menu with P or ENTER, and cycle through the options with your arrow keys. Press enter, P, circle or cross to close. Recursion Limit and Exponent: These values can be tweaked in menu like the colour palette to your liking. A higher recursion limit allows you to see finer detail in the fractal at the expense of performance. The exponent is purely for aesthetics, and allows you to change how the colours are rendered. (This may need some tweaking and changes) Version 2.4 change log and a note on higher precision: Hidden colours added to improve colour gradients. Added colour invert setting. Improved gradient calculation. (Further improvements needed, suggestions welcome) On higher precision: I vibe coded an experiment with combining variables to improve precision, however the functions impact performance a lot, so there's little point in publishing it. Though I would have to implement it by hand in order to publish, at this stage I don't think it's worth it. Let me know your thoughts on if it can be done efficiently or if you'd like to see it anyway. Version 2.3 change log and future plans: Optimised performance by refactoring code, removing expensive maths calls, localising variables and streamlining the frame drawing process. NOTE: Claude did suggest some of these but all code was written by hand. Menu buttons for recursion limit and exponent added. New green colour palette added. Coming soon : More colour palettes! secondary colour palette? (done) Replace exponent with better colour space maths... (done-ish) Investigation into compound numbers for very fine detail rendering. (done -- not worth it) Recursion functions with exponents other than two i.e. Zn = Zn^3+C This has been a great project and it's been amazing to see people appreciate it as much as I have. I'm happy with what I've achieved in this. Besides the expanded colour palette, the other future features may be a while off due to the research they will require and may be part of a new version 3 if I can call it that. Version 1 is not on BBS but there are many others like it, I thought it was too ugly to post xD. Previous versions: mandelbrot_v2 by Jenques Cart #mandelbrot_v2-3 | 2026-09-01 | Code ▽ | Embed ▽ | License: CC4-BY-NC-SA 4 mandelbrot_v2 by Jenques Cart #mandelbrot_v2-2 | 2026-08-30 | Code ▽ | Embed ▽ | License: CC4-BY-NC-SA 4 mandelbrot_v2 by Jenques Cart #mandelbrot_v2-1 | 2026-08-30 | Code ▽ | Embed ▽ | License: CC4-BY-NC-SA 4","andyd560: Hi, the cartridge won’t boot when attempting to run from the Pico-8 BBS. Message is ‘CAN NOT #INCLUDE’ Do you have to download this for it to work? || Jenques: Thank you for the feedback @andyd560 , I really appreciate it! I don’t think downloading the cart will fix it; I think it’s my fault. I uploaded via clipboard and forgot to check it worked ;_; I will try to fix this and upload a fixed version soon! || RealShadowCaster: @Jenques , if you want to do single colour gradient, you have more colours available in the greens than in the greys amongst the 32 pico8 Colors. If you hit pico8 précision limit too soon for the level of zoom you want, you might want to implement double the precision with two pico8 numbers per home made préciser number EDIT: sorry for the many typos, my phone somehow autocorrected English isn’t French. || Jenques: Thank you for the suggestions @RealShadowCaster ! I’m not sure how I’d go about double precision with the recursion algorithm, but I will investigate further. I suspect it might not be possible, I have considered it before but i would have to figure out how to add, multiply, exponentiate and iterate using two numbers. It’s not as simple as adding double to the type declaration like it would be in C. I will also look into adding some more colour palettes, and a settings tab in the pause menu to configure the palette and number of iterations. || RealShadowCaster: I have a 32.32 number pico8 library I built a few years ago somewhere on a laptop. It supported addition, multiplication, division and comparison, but not exponentiation. Not a problem for the real part of the mandelbrot iteration, just replace a^2-b^2 by a*a-b*b for blot(x,y), it's a bit trickier (sqrt((x+0.25)^2 + y^2) <= .5) or (sqrt((x+1)^2 + y^2) <= 0.25) could become quarter=newDB(0,0.25<<16) one=newDB(1>>16,0) qsquare=quarter*quarter le( (x+quarter)*(x+quarter)+y*y , quarter ) or le( (x+one) (x+one)+y\ y,qsquare ) for example, and maybe use intermediate variables and global constants for performance.(limiting the creation and destruction of number objects) Tell me if you want me to try and fetch it, and maybe if a better allocation of bits is better suited for the fractal ? Maybe 16.48 ? Unrelated : fun thing to explore is the outside of the fractal, where number overflows generate pretty patterns. Far different and more symmetrical than artifacts due to float or double rounding errors.",https://www.lexaloffle.com/bbs/?tid=158966
Lab Escape,Snuznups,https://www.lexaloffle.com/bbs/preview/pico8_lab_escape-0.png,lab_escape-0,CC4-BY-NC-SA (https://creativecommons.org/licenses/by-nc-sa/4.0/),8,"This is my first game! I wanted to learn how to make a game on Pico-8 before I moved to a more powerful engine. I figured this would be a good test. The game is based of Metroid. No enemies, just exploring the map and finding upgrades. Feedback is greatly appreciated. I made it over a few evenings after work. I haven't coded in years, so it's not very compact and probably horribly inefficient. That being said, I'm still quite happy with it. I had a ton of fun with the map. It was a fun process drawing it out on paper and making it on the computer. It's also the first time I've ever made any sort of music or worked on pixel art, so there's plenty of room to improve. Not sure if I'll make any more Pico-8 games, or move on to something else (or do both). v1.1(changed some pipes in the background and extended a rail to make it less annoying)","sanchezous: I got to the room with the barrier that requires all of the green thingys, but I can't find a way to get the magnet upgrade. it might have been a bit of cheese, but the barrier room is accessible without the magnet by jumping from on top of the portal with the jump upgrade, and most of the time it clips you into the wall giving you an extra jump Edit: I found it || 1Sergey: Very cool game! Thanks for your work! P.S. The music reminds me of the song ""Cambodia"" :) || RealShadowCaster: Nice game. Technically, I like how you made the map feel bigger by cutting it into rectangles to be assembled. This is actually one of the tricks used in the original NES Metroid. The second one that you didn’t use is to reuse map rooms in the assembled map. || Necto : Great game! || bigjus: there seems to be something in sector K that i cant find , its the only sector that hasnt turned green and i cant get past the barrier to the end portal ... does anyone know what im missing ? ive got the magnet and all the visible green gems in that sector on the map !",https://www.lexaloffle.com/bbs/?tid=158962
Pushy Penguins,Somnolence22,https://www.lexaloffle.com/bbs/preview/pico8_pushypenguins-1.png,pushypenguins-1,No License,3,,,https://www.lexaloffle.com/bbs/?tid=158953
Spellshot,Somnolence22,https://www.lexaloffle.com/bbs/preview/pico8_spellshot-1.png,spellshot-1,No License,5,,"ivoryP: This is a pretty original game mechanic and it also has very good execution, congrats on what you made! However, a little problem is that if you buy the scattershot gun upgrade, since your fire rate goes down you also lose the ability to fly, which can soft-lock you (there might be a way to progress forward anyway but its not easy to find at least) very cool game though || Somnolence22: @ivoryP , thank you for the thoughtful comment. You raise a good point. Next time, I work on this, I'll see if I can resolve that issue. || Red_boi_13: ivoryP, I had the same issue as you but with the bomshot sorry for my spelling. || mcman: GG || Somnolence22: @mcman ayy congrats!!",https://www.lexaloffle.com/bbs/?tid=158952
flappingbird,gogbone,https://www.lexaloffle.com/bbs/preview/pico8_flappingbird-2.png,flappingbird-2,CC4-BY-NC-SA (https://creativecommons.org/licenses/by-nc-sa/4.0/),2,"Made my first game ever, just a simple clone of flappy bird. :)",,https://www.lexaloffle.com/bbs/?tid=158950
Horse SpeedCutting,tegstudio,https://www.lexaloffle.com/bbs/preview/pico8_horse_speedcutting-0.png,horse_speedcutting-0,No License,3,A small game where you take care of your horse and compete in cutting competitions,tegstudio: My games: Horse_speedcutting SpaceRogu Pribia RPG (Android),https://www.lexaloffle.com/bbs/?tid=158946
castello,skaith,https://www.lexaloffle.com/bbs/preview/pico8_castello-6.png,castello-6,CC4-BY-NC-SA (https://creativecommons.org/licenses/by-nc-sa/4.0/),15,"Castello An homage to the old castlevania games with sluggish controls, but without the linear platforming. Explore the world to find orbs that open doors and other useful items that help you get through the castle to defeat the evil lord. I want to also thank designers of the following games for inspiration Mush - Demon Castle JulianR - Subsurface","lastofavari: Great graphics with authentic look of the game world, but, man, after playing the game for 15 minutes I just want to ask why do you hate the player so much? Static and moving enemies and other dangers are stacked on almost every screen, one screen after another. There are save points, but they are very sparce. The stairway movement may be authentic, but oh boy does it suck when you walk up to a new screen and two frogs jump on you before you can even do anything and even if you manage to walk off the stairs so you could crouch and maybe hit them - the bats gonna finish you off. The good thing is that you have infinite lives, so at least you have a chance of progressing if you're hardcore and/or masochistic enough, but with the constant feeling of the game trying to f%%k you up on every single screen all of the time I have very little reason to do so. Castello is likely a great hardcore platformer, but it is unfortunately very casual-hostile. I would recommend making some enemies flagged to spawn only in higher difficulty modes and implementing actual modes. Normal and hard as minimum. || Lexan: Really cool Castlevania-like game! The checkpoints are generous enough, it even reminded me of Battle Kid. It would have been cool to get different weapons to enrich the strategies. The final boss can be stunned by just spamming the attack, by the way. || Cowirrie: There were some interesting challenges getting to this point, especially getting some of the pickups and then surviving back to the checkpoint. But there were also some frustrations, even for a Castlevania-type movement. Stairs were the most troublesome part. I'd often get within a pixel of stepping off but not actually dismount, so I was locked out of jumping or attacking. Or I'd attempt to duck and start going down stairs that happened to be on that location. I was puzzled for a while by what both the items did. Please consider placing the terrain they affect close to them so we the player can try them out. For anyone having trouble staying alive long enough to explore, || skaith: First, thanks to everyone for feedback and playing the game. I'm near token cap so having different difficulties might be hard. I did try to place a save checkpoints all over the place so you should only lose a few screens of progress. Also love your channel Avari. I'll look at removing some enemies on the path to the green orb. There can be a lot of frogs there. || skaith: Version 5 has changes fixed so you can't stun lock the final boss Removed a lot of enemies in the earlier portion of the game as the player is ramping up to the enemies and mechanics.",https://www.lexaloffle.com/bbs/?tid=158945
chess_tourist,Lyrdl,https://www.lexaloffle.com/bbs/preview/pico8_chess_tourist-1.png,chess_tourist-1,CC4-BY-NC-SA (https://creativecommons.org/licenses/by-nc-sa/4.0/),2,Step through a game of chess from history. Watch this space for the other (more interactive) bits I'll add... x to progress the game o to go back up down to scroll annotations,,https://www.lexaloffle.com/bbs/?tid=158940
Rockhound,VeryNaughtyBoy42,https://www.lexaloffle.com/bbs/preview/pico8_rockhound-9.png,rockhound-9,No License,5,"In short: traverse the maze, collect gems, don't get killed! This game grew organically - first as an experiment to generate a random maze, then adding a character to walk around the maze, then something to collect, and so on. Each level is randomly generated, so even if you start the game again you'll get a different maze. Each level gets larger (up to 63x63 tiles), and contains more gems to collect and enemies to avoid. Speaking of enemies, there are five types, each with their own unique behaviours! Which one is your favourite? Even though they're the slowest, I have a soft spot for the Nappers - they have a habit of falling asleep in the most inconvenient places! Occasionally you can pick up an invincibility shield or an extra life. All in all, I don't think this game would look out of place in the 80's arcades I grew up in. I'd love to hear your scores ... personally I'm yet to make it past level 8. I love that I get my ass kicked by my own game :) Version History: 1.00 - Initial release 1.01 - Changed movement to make it easier to walk between gaps in the walls 1.02 - A few minor fix-ups 1.03 - Note to self: stop tinkering and write a new game! 1.02 broke more than it fixed, gah. 1.04 - OK, a bit more tinkering - I added a High Score function! 1.05 - Increased the viewport size","thattomhall: This fun! Classic ol' game, fun little tunes. I might add forgiveness trying to get through wall gaps -- so if like 1 pixel off it just adjust you into the right place. Pac-man had that. Good job! || VeryNaughtyBoy42: @thattomhall - thank you for the feedback. I agree, it was a little tough to walk through the gaps. I've modified the movement code, it's easier now!",https://www.lexaloffle.com/bbs/?tid=158939
Basic Shmup,techywrinkles,https://www.lexaloffle.com/bbs/preview/pico8_fopuhewube-0.png,fopuhewube-0,No License,1,,,https://www.lexaloffle.com/bbs/?tid=158938
Beeventure!,Zandor,https://www.lexaloffle.com/bbs/preview/pico8_pewubosubo-0.png,pewubosubo-0,CC4-BY-NC-SA (https://creativecommons.org/licenses/by-nc-sa/4.0/),3,"This is my first PICO-8 game! I had a lot of fun making it and I hope you like playing it. Let me know what you think! BEEVENTURE You're a bee with one year to live. Gather pollen, turn it into honey, and store up enough to survive the winter. THE GOAL Collect 20 honey before winter ends. Each season runs 2.5 minutes, so a full year is about ten minutes. The world changes with the seasons -- the palette shifts, the flowers change, and it snows in winter. CONTROLS ⬅️ ➡️ move ❎ hold to fly, let go to drop 🅾️ call your helper bees back to you (also revives you when you die) HOW IT WORKS Land on a flower to collect pollen -- you can carry 4 to start. Fly home and land on the hive to deposit it. The honeycomb holds 16 pollen. Every time you fill it you get: +4 honey +1 helper bee (up to 4) +1 health, if you're hurt So 20 honey means filling the comb five times. Flowers regrow after a while, so you never run the world dry. HELPER BEES Your helper bees follow you and pick fights with the flies. Each one also raises how much pollen you can carry, up to 8 with a full crew. They're fragile -- three hits and they're gone -- and when one dies your carrying capacity drops with it. Press 🅾️ to pull them out of a fight before they get killed, and bring them back to the hive to heal them up. WATCH OUT Flies cost you a heart on contact, and you only have four. Run out and you'll wake up back at the start with full health -- but you'll drop every scrap of pollen you were carrying. Press 🅾️ on the title screen for in-game help.","FoxyChalet: The flight button is way too sensitive, and I don't love the mario flowers, but otherwise I think it's a really solid base. || Cowirrie: Great work with the changing season effects. I was never injured by a fly while collecting the honey below, so having my helper bees out mostly felt troublesome because a few got killed and reduced my carrying capacity. If you want the helper bees to feel helpful, possibly make some of the flies seek out the player. Still a nice little game, and I hope you feel like making others. Should the flickering lights in the scenery should be bug zappers the player must avoid?",https://www.lexaloffle.com/bbs/?tid=158936
My first game :>,ivoryP,https://www.lexaloffle.com/bbs/preview/pico8_boxingbrawlcart-12.png,boxingbrawlcart-12,CC4-BY-NC-SA (https://creativecommons.org/licenses/by-nc-sa/4.0/),6,"Hello people from pico-8, this is my first game, it is a turn-based boxing themed game which is, depending on my future motivation, either almost complete or far from it. This is the first original game that i make in pico-8, or any game engine, and i think i got the basics of how to code in here now. There are only five levels for now and the tutorial is not done, so it may be a bit frustrating, but i think it is playable. To fight, navigate to the move you want with the <- and -> , then use the up key to select the move. Using a move is going to cost you energy, which is the red bar in the left side, and if you run out of it you lose. After that you opponent is going to attack you and a simple little minigame is going to play, do it right and you will take no damage, miss and you take 3 points of damage.(damage also takes your energy away) Hope you have fun! (edit: i have worked on the game for a bit more time, polished it a bit, added new moves and the final enemy, and there are 15 moves for you to unlock now. There still are bugs and things that i wanted to add but i ran out of tokens, i even used Shrinko8 to get the last bit of code in there lol. I dont think the game is perfect, but im proud of it and think its a pretty good start for my pico-8 experience.)",,https://www.lexaloffle.com/bbs/?tid=158786
FoxFall: Peg Party!,atomic2002,https://www.lexaloffle.com/bbs/preview/pico8_foxfallpegparty-0.png,foxfallpegparty-0,No License,3,Thanks! 🦊,atomic2002: Can you beat my negative score? 😝,https://www.lexaloffle.com/bbs/?tid=158935
PICOPON v0.1.2 beta release,dbroown,https://www.lexaloffle.com/bbs/preview/pico8_picopon-3.png,picopon-3,CC4-BY-NC-SA (https://creativecommons.org/licenses/by-nc-sa/4.0/),8,"Hi, this is my first cartridge, so be gentle, pls. PICOPON is basically both a demake and a reimagination of PATAPON. It is a rhythm-based game where you lead a small squad using commands. You can use two drums: PICO and PON. They can be used in different orders to give different commands, you have 4 in total: PICO-PICO-PICO-PON is Advance PON-PON-PICO-PON is Attack PON-PICO-PON-PICO is Retreat PICO-PON-PICO-PON is Defend Use them to explore the dungeon, where you will find diverse and powerful enemies. The main appeal is the Rogue-lite elements, if you die, you have to start again, and I implemented a perks/cards system. We have 3 main perks: Unit cards: Add Pan the Archer to your party, or Tin the Swordman. Evolution: Evolve your unit, every class has two evolutions, you can only pick one per run. Perk: Win a powerful passive that will help you to make your way through the dungeon. In this first beta you can explore the complete first floor, with a miniboss at the end, all the feedback is well appreciated, I want to find bugs or balance the levels, feel free to comment and most importantly, ENJOY! PICO PICO PICO PON!","Levent_studio: so fun :) || vetuur: I was trying to do exactly the same thing a while ago, but I didn't know how to do it. I'm glad someone did it.",https://www.lexaloffle.com/bbs/?tid=158934
Breakout Clone on PICO8,cinar6786,https://www.lexaloffle.com/bbs/preview/pico8_komufiwuha-0.png,komufiwuha-0,No License,1,,"ivoryP: Pretty cool project, it works pretty well! I hope making it was a fun and valuable experience, good luck in all your future games.",https://www.lexaloffle.com/bbs/?tid=158930
Red Ball 4 Port on PICO8 0.1,cinar6786,https://www.lexaloffle.com/bbs/preview/pico8_tihotiwaru-0.png,tihotiwaru-0,No License,1,,,https://www.lexaloffle.com/bbs/?tid=158929
Peak Demake Project (incomplete),raffaelord,https://www.lexaloffle.com/bbs/preview/pico8_peakdema_menu-1.png,peakdema_menu-1,CC4-BY-NC-SA (https://creativecommons.org/licenses/by-nc-sa/4.0/),10,"Controls (In-game only) Left / Right Arrows: Move Z: Jump X: Grab (consumes stamina) Down: Enter backpack mode Backpack mode: Use X to delete item, Z to use item Links & Contact View Version History If you'd like to help me create original music or demakes of the Peak soundtrack, send me a DM on Twitter: @RRaffaelRocha02","miguelzf: this is pretty goood || ivoryP: i love the menu sfx, it sounds so gentle. This gameplay is pretty good too, this is the kind of game that i would donwload on my phone to play on the bus, but i do think i found a bug, either that or just an annoying feature. When i started climbing, a ""SHORE DAY 1"" message appeared and froze me in place for a minute, when it disappeared i fell from the wall i was climbing, which is somewhat frustrating. That being said, i have two suggestions on the gameplay, the first one would be to make it so you spend more or less energy when you are actually moving while climbing, it feels a bit weird to spend the same amount of energy when im just holding onto the wall and when im gaining altitude. The other one would be some way of passive energy bar recovery, as it is i got soft-locked somewhat fast, since i brushed in some poison bushes and i didnt have enough max energy remaining to climb a specially far away bit. I do think this game has the potential to be an absolute banger though! || FoxyChalet: Nice mechanics overall. I enjoy what's here so far || 1234qwe: Loving it waiting for the next update",https://www.lexaloffle.com/bbs/?tid=158928
"PicoQuest, the Text based RPG",BonjeSponge_,https://www.lexaloffle.com/bbs/preview/pico8_fekutowoj-0.png,fekutowoj-0,No License,2,,,https://www.lexaloffle.com/bbs/?tid=158923
Dragon Crawler Carla,KnightVision,https://www.lexaloffle.com/bbs/preview/pico8_dragoncrawlercarla_1-0.png,dragoncrawlercarla_1-0,No License,3,"Dragon Crawler Carla By KnightVision You're Carla, dressed in your best gender-bent Carl cosplay. Navigate the crowds and hotels of your favorite fan convention, trying to get to your events on time. You can pick up badge ribbons from admirers along the way. Controls Arrow keys to move v/x or keypad x to exit static screens",Alexander_fa: Hahahah love it!,https://www.lexaloffle.com/bbs/?tid=158922
Intervium,8BJackie,https://www.lexaloffle.com/bbs/preview/pico8_intervium-5.png,intervium-5,CC4-BY-NC-SA (https://creativecommons.org/licenses/by-nc-sa/4.0/),14,"Navigate a maze, collect keys, and find your way to the goal but watch your step. One wrong move and you’ll fall into your demise. don't worry tho, you have like 2 tries before losing due to ""Popular demand"" for me to explain the game mechanism, I suggest you guys read the 'help' menu before playing Also, pardon the music… I’m still learning how to make music in pico8, I'm not proud of it either but you can mute them from pause menu (P) Intervium 1.1 change log: > Exploration mode can now be switches between hold mode and toggle mode in pause menu (press P ). so it's more friendly to mobile user > It's now clear which deco can be walks on and which's not (I hope so) > Changed the door sprite to be more clear so you can stop walking into wall Intervium 1.2 change log: > Added more Help tabs for actual “casual” players, so people can stop blaming me for not explaining the properly > You can now toggle solid decorations on/off in the pause menu, because apparently people are still complaining about the decorations blocking their way. > Added an explanation for “the-thing.” in help tabs > Also made the-thing more noticeable when it happens in game. > Added different-thing that activate differently and might take a while to notice. is buggy because I don't have enough token to polish it. but it works > I will not explain what they are. You have to find them yourself.","UnkFunk: this music is good, I like it ❤️🎶 || KMgames: The music is great and the gane is very fun but i dont get what the button does, is it a lantern? || ivoryP: this game has very good art and music, and the gameplay also seems to be very interesting, however i cannot talk about the gameplay because i still dont understand whats going on, i get that this is like minesweeper, but where is the number? and what do the colors mean? and i still havent found a single key, and what does the c button do? it plays a sound effect but i dont know if it is doing something or not. this might just be me being slow on puzzle games, but im very confused on how to play, which is a shame because i was really interested in the game and really wanted to play it. very good music though, i also recently started doing music in pico and i guarantee you that my performance has not been nearly as good. and i did read the tips || 8BJackie: Brother, I appreciate you trying out my game and giving me feedback to help me improve, but please read the tips. They explain the entire game mechanics. || TheHansinator: Nice little game! I got an 00:05:29 on Easy, now time to try the harder ones. The game explanation in Tips is also very thorough, thank you for providing it. I personally think it would be better to label that button ""Help"", since it gives essential instructions for how the game works - to me, the word ""Tips"" means only extra bits of information that might help me play better (such as the 1-2-1 and 1-2-2-1 patterns), and having a ""Tips"" button but not a ""Help"" button on the title screen suggests that the game might explain itself as it goes (which it doesn't). I think the rooms being different colors to indicate their numbers is a really nice touch, especially with the choice of monochrome white as zero. The room suddenly having color helps you quickly figure out that you should be on your guard. Something that's currently tripping me up somewhat is the detritus on the ground in the dungeon rooms - some of it you can move through, others of it you can't. Which sprites are meant to be which?",https://www.lexaloffle.com/bbs/?tid=158921
my_first_game_p9,rainbow_tv,https://www.lexaloffle.com/bbs/preview/pico8_my_first_game_p9-4.png,my_first_game_p9-4,CC4-BY-NC-SA (https://creativecommons.org/licenses/by-nc-sa/4.0/),3,my_first_game_p9 by rainbow_tv Cart #my_first_game_p9-0 | 2026-08-25 | Code ▽ | Embed ▽ | License: CC4-BY-NC-SA 3 something is wrong whit my game please help. i think you have to know the password,"rainbow_tv: use z to run faster. || Minion: What exactly is wrong with it ? seems to work fine for me. || CassDoglin: Yeah sorry bud I think there might be demons in your game... || BossGalaga: There are already multiple copies of this same tutorial/template game on the BBS. As for why this version displays the word ""password"" on the title screen, it's extremely obvious if you just look at the code. Hint: Look for the word ""password"" in the code, and look at the variables that are referenced. Also, why does this game/post include the tags terror, analog, and horror when it's none of those things?",https://www.lexaloffle.com/bbs/?tid=158912
Berliner Luft,novel,https://www.lexaloffle.com/bbs/preview/pico8_berlinerluft-0.png,berlinerluft-0,CC4-BY-NC-SA (https://creativecommons.org/licenses/by-nc-sa/4.0/),6,"A little one screen demo serving as an invitation for the Demoparty ""Deadline 2026"" in Berlin (4-6 of october). Released at Evoke (Demoparty in Cologne) last weekend. It was my very first release as a coder. Normally, when I do something in the demoscene, I make music on Amiga (Protracker). So this was a firstie and I learned a lot! The tune ""Berliner Luft"" (Berlin air) origins from an operetta from 1904 and is one the best known modern folk song melodies in Germany.","JarlHirvonen: Tämä on todella siisti ensimmäinen askel demoskenen koodaamiseen. Pidän siitä, kuinka pienet näytönkaappaukset, jotka Vanha Berliini tuntuu, pitäen silti kutsun yksinkertaisena, ja musiikin ja koodauksen saaminen yhteen projektiin saa tuntemaan, että sen takana on paljon persoonallisuutta. RTBet Casino voi myös olla tutustumisen arvoinen, kun haluat vaihtoehdon tavalliselle vedonvälittäjälle. Tutustu sen rtbet-casino.app urheilutarjontaan ja katso, mitä tapahtumia on saatavilla.",https://www.lexaloffle.com/bbs/?tid=158902
Sapper,1Sergey,https://www.lexaloffle.com/bbs/preview/pico8_sapper01-0.png,sapper01-0,CC4-BY-NC-SA (https://creativecommons.org/licenses/by-nc-sa/4.0/),7,The standard Minesweeper we're all familiar with. I tried to make controls equally comfortable for both mouse and gamepad. Quick cursor movement with the gamepad. The 6x6 pixel grid allows for a large enough field on the screen and a legible font. I've also added a feature that I think this game is missing: right-clicking on a cell with a number. Thank you for playing!,1Sergey: @MadeleineGerard Thanks! || okledot: Really cool controller. Soft and clever.,https://www.lexaloffle.com/bbs/?tid=158901
mars lander,fr0st,https://www.lexaloffle.com/bbs/preview/pico8_biwitodusa-0.png,biwitodusa-0,CC4-BY-NC-SA (https://creativecommons.org/licenses/by-nc-sa/4.0/),3,,davidramey18: this is awesome,https://www.lexaloffle.com/bbs/?tid=158900
Ame Shoot 1.0.0 Release,CheeseB0y,https://www.lexaloffle.com/bbs/preview/pico8_ameshoot-0.png,ameshoot-0,CC4-BY-NC-SA (https://creativecommons.org/licenses/by-nc-sa/4.0/),4,"This game is an independent, non-profit fan-made game created as a derivative work of Hololive Production. It is not endorsed, affiliated, or sponsored by COVER Corp. All rights, characters, and assets associated with Hololive Production are the property of COVER Corp.","Cowirrie: Impressively expansive map. First and second attempts: Are there any other coins? || Verb: @Cowirrie some coins are hidden behind breakable tiles. || CheeseB0y: A completion percentage at the end screen was actually one of many scrapped features. That would be nice to have in a 1.1 update if I have time. Yes, there are many hidden secrets to find. The game is Metroid inspired but on a much smaller scale. I like to call it a ""minivania"" because it's packed with hidden walls and power ups in a short 10 minute playthrough. Anyways I did a quick 100% playthrough and found 335 coins, so you're still missing a few!",https://www.lexaloffle.com/bbs/?tid=158895
constructer,rainbow_tv,https://www.lexaloffle.com/bbs/preview/pico8_constructer-1.png,constructer-1,CC4-BY-NC-SA (https://creativecommons.org/licenses/by-nc-sa/4.0/),2,my first public game be free to try they is here to,"UnkFunk: This one spawned in the floor and cut my run short, but this is still the start to a great great and addictive game! Love it ❤️",https://www.lexaloffle.com/bbs/?tid=158894
Catch the right one,Piyush,https://www.lexaloffle.com/bbs/preview/pico8_mefohukeya-0.png,mefohukeya-0,CC4-BY-NC-SA (https://creativecommons.org/licenses/by-nc-sa/4.0/),1,,,https://www.lexaloffle.com/bbs/?tid=158891
Jimbo the Frog,astropelican,https://www.lexaloffle.com/bbs/preview/pico8_jimbothefrog_v1-4.png,jimbothefrog_v1-4,CC4-BY-NC-SA (https://creativecommons.org/licenses/by-nc-sa/4.0/),6,"You're a frog in a generated maze. Eat every pip to clear it. Two kinds of pip [8x8] Normal pips are everywhere. You'll have plenty. [8x8] Rubies only appear when a frenzied ghost is within three tiles of you. While one is that close, every pip you eat turns red. Get far enough away and they turn normal again. Play it safe and you'll finish the maze with a pile of normal pips and nothing worth spending them on. To get rich, you have to let the ghosts get close. Ghosts [8x8] [8x8] [8x8] [8x8] Ghosts wander the maze looking for frenzy pills. They avoid you, until they eat one. A wandering ghost is food. Run into it and you eat it for pips. But when a ghost eats a frenzy pill it turns red and hunts you for about ten seconds. If it catches you, you lose 90% of your pips, both colours. It also eats your auto-frogs. Frenzy pills [8x8] Frenzy pills are what set the ghosts off. One flashes for a second before appearing, with a strange little sound. You can eat one yourself for 10 normal pips and 5 rubies. Doing so also calms every frenzied ghost in the maze. Fruit [8x8] [8x8] [8x8] Fruit puffs in away from you and hops around. Catch it and it bursts into pips that fly out and then home in on you. Strawberry 5, blueberry 10, eggplant 15. The longer you go without being caught, the better the fruit. Leave it too long and it puffs away. Ghosting [8x8] Press ❎ to turn into a ghost. Nothing can catch you. It only lasts half a second to start with. Upgrade it in the shop, half a second at a time, up to two seconds. You cannot eat while vanished — no pips, no pills, no fruit. The blue meter drains while you are a ghost and refills when you are not. Clearing a maze Clear one without being caught: PERFECT . Eat five or more of one ghost type: MASSACRE . Both: PERFECT MASSACRE . Mazes get harder. Your best clear time and longest perfect streak are saved. Parens-8 Built with parens-8, which is AGPLv3. Full source here. download Windows, Mac, Linux, and Raspberry PI builds from itch.io.","CiroNaut: The text that says which buttons to press are backwards. When going to purchase, ""X"" is closing the menu and ""O"" (Z) is Buy. || ivoryP: I think it is a very interesting take on the pac-man formula, but in my opinion it would be more fun if you started with the ghosted ability, as it is theres nothing you can do about the ghosts, they outrun you and rush to your position. When i get lucky enough to not be bombarded with ghosts every second, get enough money, and buy the ability, the game is genuinely very fun and addicting. I also got quite lost at the start trying to understand what was going on but that might just be me. Love the title screen music btw, its a shame that it only plays before the game starts. || astropelican: @CiroNaut : You were right, the labels were swapped in the code. Z buys, X closes, and the prompts say so now, pushed updates. thanks for the feedback! @ivoryP : thanks for the feedback here as well! You start with ghosted now. Frenzied ghosts move faster than you do at base speed, so until you could afford it there wasn't really any counterplay, and that's what you hit. Also: two lines on the title screen about clearing the pips and grabbing the flashing one to open the shop, since that part isn't guessable. And the music runs through the whole game now instead of stopping when you press start, had to dedicate it to its own channel due to interruption with the sfx bus. Fixed! glad to hear you liked the music too. :) All live. Thanks, that was three useful things.",https://www.lexaloffle.com/bbs/?tid=158883
Golden Knight: Aurophobia,pollenstudio,https://www.lexaloffle.com/bbs/preview/pico8_gkcart1-2.png,gkcart1-2,CC4-BY-NC-SA (https://creativecommons.org/licenses/by-nc-sa/4.0/),13,,"ivoryP: Cheesed the general by attacking trough the wall, burned the house while mashing x, and understood about a tenth of the story 10/10 would play again. I have to say though, the cartridge image does not give the impression that this game is as good as it is, the environment is pretty cool and i feel pretty immersed while playing, but the music sometimes cuts out which doesnt feel purposeful, and im revolted i cant kill the wounded man. Also, if you move horizontally and vertically at the same time you move at double the speed, thats a commom movement bug. I think the gameplay has some flaws, there could be an inventory for example so i know what i have, and i did get lost in what i should do a couple of times. Overall, pretty cool game, very cool worldbuilding, the music is very nice, and it feels very immersive, and cool final boss, though i did not die once during the game prior to the boss so the dialogue was not true. Love what you made and im excited to play your future games! || pollenstudio: Thank you so much ivoryP for your review. That's actually our first game so we are really happy that you liked the game. It was actually made for a discord server event (that's why the princess says those names in the final). And as you saw it has a few problems xD but it's made with a soul that we surely wanted everyone to feel in the game. Your review made us hyped to make a new game that we have already in mind. Tysm (Obs: you can see your inventory and your journals in the menu using enter) || VivoLnar: This is a fantastic game! The story is really cool, and it actually makes you think about the dialogue instead of just pressing X through it, since the dialogue in many games doesn't add anything to the gameplay. I did notice some enemies spawning on the walls of the maze, and about 2 or 3 times on top of the water. When you're fighting yourself in the afterlife, he only needs 2 hits to take you out. Also, his damage, which should be half of your HP, doesn't seem to show properly on the HP bar. When you hit him and he goes flying, once he gets back on the ground, if you're nearby, he can instantly hit you. You can dodge it, and I know that's probably kind of an anti-cheese mechanic so he doesn't get CC'd to death, but it's something I found a bit ""broken."" Overall, this is a really good initiative and a very cool project, especially considering you guys just started! I really hope you make a remake someday and take it even further!! Wish you guys lots of success! ❤️ || Cak3TheGreyCat: Absolutely incredible and horrifying game... Idk who the developer is, but he knows ball🗣 Although some bugs, like hitting enemies and the bosses having the same AI, I'm happy to see this gem finally working. 9/10 because I really wanted to kill the princess || pollenstudio: Thank you guys for all the nice comments 🙏 We'll launch new games soon, Golden Knight is just the beginning.",https://www.lexaloffle.com/bbs/?tid=158881
clanker game,Puppyperson59,https://www.lexaloffle.com/bbs/preview/pico8_witoyinoze-0.png,witoyinoze-0,No License,9,Game I made to test 3d billboard sprites.,"RealSwordy210: Pico8 game of the year || KMgames: Awsome game. It would be good if you could use the other button, perhaps by pressing it you can move side to side wile facing the same place to aim better. Olso add sone feedback like a flash screen when hurt cuz those police officers drain your life fast. || AntArrow: I love this.",https://www.lexaloffle.com/bbs/?tid=158880
gk cart2,pollenstudio,https://www.lexaloffle.com/bbs/preview/pico8_gkcart2-0.png,gkcart2-0,CC4-BY-NC-SA (https://creativecommons.org/licenses/by-nc-sa/4.0/),5,,,https://www.lexaloffle.com/bbs/?tid=158871
Do Not Win This Tic Tac Toe,BiosStudio,https://www.lexaloffle.com/bbs/preview/pico8_dnwtttt_bios-1.png,dnwtttt_bios-1,CC4-BY-NC-SA (https://creativecommons.org/licenses/by-nc-sa/4.0/),23,"DO NOT WIN THIS TIC TAC TOE because the win condition is twisted. The normal Tic Tac Toe rules apply but you have to master all 8 abilities. Every round you can gain 5 points for every line , or use your random abilities to get more points. Maybe this is not a solved game anymore. Maybe if you unlock more abilities, you will know what the true ending is. Maybe the only winning move is... DO NOT WIN THIS TIC TAC TOE Gameplay Play against CPU as the main game mode. Offline 2 player mode available once unlocked. Press (X), X to continue/place tile Press (O), Z to display information on abilities Press arrow keys to move the cursor +5 pts for every horizontal, vertical, and diagonal line You can restart the game by pressing Enter/Game Menu button Abilities KING +4pts if you place a tile on the center CROSSBOW +1pts for every tiles placed on each corner SIDEMAN +1pts for every tiles placed on each side Spoilers for other abilities below PEACEMAKER +5pts even if the game ends in a draw MAGICIAN Every turn: Enemy only has 3 tiles, your pts -1 for every vanished tiles STOMPER Every round: You can replace enemy tile once (except for the most recent one) RABBIT Always goes first, randomise if the enemy is also a rabbit GAMBLER Every turn: There is a 10% chance to place 2 tiles Credits Special thanks to NerdyTeachers and LazyDevs for their tutorials which got me into game development in PICO-8. Thanks to voidgazerbon for playtest, and all the people in the Discord community for their continuous support. Thanks to the many amazing tools and carts in this forum which were there when I am confused with programming. It's my first time coding so I try my best to credit the relevant tools/functions in the cart itself. Lastly, thanks for reading up to this point and playing the game. Changelog 23 August 2026: Unlock conditions now correctly check from the latest game instead of total game won and lost. (Don't worry if you accidentally unlock abilities, you deserve it anyway!) 25 August 2026: Change the description to Offline 2 Player Mode for clarity. Currently published on itch.io !","Cowirrie: That took a few tries even after I suspected what I needed to do. || BiosStudio: @Cowirrie Congratulations! You are the first one to share the true ending scene to me. Glad you enjoyed! || RealShadowCaster: A strange game, the only winning move is for no one to win. How about a nice game of chess ? More seriously, nice concept and execution. My main gripe is that I can't predict the AIliens moves. They can sometimes grab a +1 when a +5 line is available, thus wrecking my planning, for example. It wasn't a problem until the final challenge, then the need for precision to the point made it pretty frustrating. In the end, after losing three ""extra rounds"", I landed exactly at a tie before the extra round, sacrificed 0 points, and that skipped to the win screen without the last round. I'm not complaining about the result but that was pretty confusing. Aside from the ending, challenges felt a bit repetitive. There's a lot of potential for more original round based challenges like : round score <0, RS>=10,ennemy RS>=10, ""win"" with less points than computer, ""lose"" with more, maybe win and lose rounds with every type of power... || BiosStudio: @RealShadowCaster thanks for catching the reference and playing the game! The AIliens was programmed under a weighted scoring system so they have highest chance of picking a winning move, but also have smaller chance of picking tiles based on their abilities. I wanted to use Minimax but struggled to programme as such that AIliens uses their abilities as well. Your solve was one of the intended solution. I probably could've convey it better that sacrificing 0 points means you do not want to go to extra round. Congratulations anyway! Noted on the extra challenge. Might consider it in future updates and accompany them with some rewards like new backgrounds. || Zellente: I played Tic-Tac-Toe more often today than I have in my entire life :D I might have an idea how to get the end, but as RealShadowCaster mentioned, it is hard to predict the AIlien moves. Nice Game, or remake... tic tac two?",https://www.lexaloffle.com/bbs/?tid=158866
SQXRE,dus,https://www.lexaloffle.com/bbs/preview/pico8_bopazudewi-0.png,bopazudewi-0,CC4-BY-NC-SA (https://creativecommons.org/licenses/by-nc-sa/4.0/),4,"Z - bounce X - BUY UP - select/deselect LEFT - select left RIGHT - select right DOWN - sell /// I made this for my miyoo mini plus, fun simple game you can get addicted to :)",joem: > I made this for my miyoo mini plus That's been a big motivator for me too (though I have a TrimUI Brick instead). It's so cool to be able to easily make something that runs on a handheld device!,https://www.lexaloffle.com/bbs/?tid=158861
Flail Rail,Kiduxians,https://www.lexaloffle.com/bbs/preview/pico8_yezahijoto-1.png,yezahijoto-1,CC4-BY-NC-SA (https://creativecommons.org/licenses/by-nc-sa/4.0/),4,"FLAIL RAIL An intense single-cart physics roguelike where you control an overclocked kinetic flail held together by sketchy jumper wires and sheer vibes. 📜 STORY You are a test probe dropped onto a breadboard from hell. Swarms of parasitic circuit bugs and high-voltage bosses are flooding the arena. Swing your Verlet physics cord, parry bullets, bounce off pinball bumpers, and stack 18 overclocked mods before the magic smoke escapes. 🎮 CONTROLS * Mouse : Swing flail & aim * Hold Left Click : Reel cord in (build tension charge) * Release Left Click : WHIP-SNAP! (Sonic blast + rail bullet) * Right Click : PULSE BLAST (When meter is full) * Arrow Keys / (O) / (X) : Keyboard backup controls ⚡ FEATURES * Real-time Verlet rope physics & projectile parry mechanics * 4 weapon classes (Flail, Twin Wire, Titan, Magnet) * 18 stackable upgrades + secret super evolutions * Mid-run shop, sacrifice shrines & multi-phase boss fights * Pinball spring bumpers that launch flails & enemies","Cowirrie: The physics are entertaining, although I'm not sure what I should be hitting with the flail and what I should stay away from. I got to the ""Mid-Run shop,"" but I'm not sure how to leave it. I can buy items, but when I click on ""Continue,"" it just resets the shop. I tried spending all my money, but I still couldn't leave. || cam4u: I also got stuck in the mir-run shop! || Kiduxians: Yeah, currently working on the mid-run shop, and the enemies will be marked in a future version! Be Sure to try out my other games! EDIT: SHOP FIXED, TUTORIAL IS IN THE DESCRIPTION OF THE GAME",https://www.lexaloffle.com/bbs/?tid=158845
frogclick,Team_Metroit,https://www.lexaloffle.com/bbs/preview/pico8_frogclick-0.png,frogclick-0,CC4-BY-NC-SA (https://creativecommons.org/licenses/by-nc-sa/4.0/),2,Like Duck Street go check it out #Pico8 #Game,,https://www.lexaloffle.com/bbs/?tid=158844
Orbitwell,rufenerd,https://www.lexaloffle.com/bbs/preview/pico8_orbitwell__rufenerd_v1-0.png,orbitwell__rufenerd_v1-0,CC4-BY-NC-SA (https://creativecommons.org/licenses/by-nc-sa/4.0/),6,"Fly by science and by feel in this space gravity physics adventure! Complete missions as you advance your spaceflight skills. Flight Controls x: thrust; increase translational velocity in the rocket's current angle left: increase angular velocity; rotate counter-clockwise faster or clockwise slower right: decrease angular velocity; rotate clockwise faster or counter-clockwise slower z: display alternate stats (for select missions) pause: menu option to restart mission Flight Telemetry Gauges x: distance to the right of the center of Earth, negative is to the left y: distance above the center of Earth, negative is down θ: your rocket's current angle; radians/pi dx: horizontal velocity; distance to the right per frame dy: vertical velocity; distance up per frame dθ: angular velocity in the counter-clockwise direction r: distance from center of earth |v|: speed; magnitude of velocity relative to Earth blue: speed is too slow to achieve circular orbit red: speed is too high to achieve circular orbit green: speed is close or exactly right for circular orbit orbv: required velocity for circular orbit at given r; sqrt(GM/r) blue: orbit target velocity is below current rocket velocity red: orbit target velocity is above current rocket velocity green: orbit target velocity is near current rocket velocity ecc: orbital eccentricity to Earth; how oval-shaped the orbit is red: orbit is too oval-shaped to orbit orange: orbit might be possible, but not sustainable green: circular orbit achieved relv: relative speed between the rocket and another mass dist: distance from the rocket and another mass relative crash v: relative speed between the rocket and what it crashed into Background Inspired by my physics class, the gravity and mechanics are as physically realistic as I could make them. Much is not to scale (space is huge, gravity is weak), though some things are. Hint Strategic flying and patience can be just as good as ace flying control, but either can work! Code Reuse and AI Disclosure This entirety of this game's code, sprites, sfx, and music were designed and built by me, except: Sprite rotation code and ideas from https://www.lexaloffle.com/bbs/?pid=52525 (thank you all, especially @jihem and @Gabe_8_bit ) I occasionally used LLMs as a physics and astronomy reference, including for how to calculate eccentricity given the mechanics data I had readily available in my game; see code comment for details","GuillaumeBarbier: Cela ressemble à un petit jeu de mécanique orbitale vraiment amusant. J'aime que cela ne vous jette pas simplement dans l'espace et que vous disiez “bonne chance” — la télémétrie vous donne en fait suffisamment d'informations pour comprendre pourquoi votre orbite se déplace latéralement. L'idée d'équilibrer la poussée contre la patience est assez cool aussi. Certainement le genre de jeu où une petite correction peut se transformer en un vol complètement différent. Rizz Casino est un autre site que vous pouvez consulter lorsque vous explorez les options des bookmakers en ligne. Son bookmaker offre un endroit pour parcourir les événements rizz casino bonus sans dépôt actuels, les marchés et les cotes disponibles.",https://www.lexaloffle.com/bbs/?tid=158838
NHS Manager,Mighty_Pirate,https://www.lexaloffle.com/bbs/preview/pico8_nhs_manager_v1-1.png,nhs_manager_v1-1,CC4-BY-NC-SA (https://creativecommons.org/licenses/by-nc-sa/4.0/),5,"I've been playing around with PICO-8 to explore what it might be like to use for computer game art and philosophy. Here's my latest: NHS Manager A tiny art-game about public healthcare in modern Britain. ""This was the first time I addressed a contemporary political issue in an art-game. I thought it would be interesting to make a simple simulator about being a manager of an NHS hospital. I used to play games like Theme Hospital and Sim City. They always had a sharp satirical edge, something that was lost as the genre developed in the 2000s. Given the pressures on the NHS today, I wanted to go back to that. Like many people in Britain, I've received fantastic care from the NHS. But there's also times when I've been let down. And I've lived through all the rounds of 'reforms'. I even worked as a healthcare assistant for a bit, back at the Norfolk and Norwich Hospital when I was first swapping PICO-8 carts. This game is both a love letter to and a playful satire of an institution that we need more than ever."" -- James LaGrande If you enjoyed this game, please consider donating to the NHS or, better yet, writing to your MP in support. Controls Arrow keys to select (X) and (Z) to confirm",Verb: Got a runtime error: || Mighty_Pirate: Thanks! Good spot. I've fixed this now.,https://www.lexaloffle.com/bbs/?tid=158829
pico8snake_v3,TigoHoogma,https://www.lexaloffle.com/bbs/preview/pico8_biposimaya-0.png,biposimaya-0,No License,3,,"UnkFunk: that's nice, a fruit (or egg?) spawned on a tile my body was on and looked like it disappeared but I still like this! || TigoHoogma: Haha, it's supposed to be an egg! I kind of accidentally released this because I was trying to show it to someone, but thanks for checking it out anyway. Yeah I noticed that too, in a later version I made it so it also can't spawn on the tail piece when the snake is growing that cycle. Maybe that was it. Thank u for you feedback, it's really motivating.😇",https://www.lexaloffle.com/bbs/?tid=158826
"Recreation of ""One Formula That Demystifies 3D Graphics""",teatov,https://www.lexaloffle.com/bbs/preview/pico8_tsoding3dformula-0.png,tsoding3dformula-0,CC4-BY-NC-SA (https://creativecommons.org/licenses/by-nc-sa/4.0/),4,Recreation of this video by Tsoding: https://www.youtube.com/watch?v=qjWkNZ0SXfo,"Vetra: awesome, i saw that video but couldn't comprehend the coding language used. now there is hope again || fdisk: Very cool. I saw this video. Thanks!",https://www.lexaloffle.com/bbs/?tid=158825
morse horse,Lyrdl,https://www.lexaloffle.com/bbs/preview/pico8_morse_horse-1.png,morse_horse-1,CC4-BY-NC-SA (https://creativecommons.org/licenses/by-nc-sa/4.0/),1,"You're a horse and you're learning morse. Another 'game in an evening'. Press x to jump. Learn some horse morse I guess. Coming soon, more morse, more horse! More... Sauce?",,https://www.lexaloffle.com/bbs/?tid=158824
